PostId,PostTypeId,ParentId,CreationDate,Score,ViewCount,OwnerUserId,OwnerDisplayName,LastActivityDate,LastEditDate,CommentCount,FavouriteCount
755,2,754,2012-06-26T20:26:18.653,21,,317,,2016-06-29T14:56:25.397,2016-06-29T14:56:25.397,7,
783,2,782,2012-06-27T16:19:02.640,12,,86,,2012-06-27T16:19:02.640,2020-06-16T10:47:29.480,3,
1194,2,1170,2012-07-22T01:46:21.883,3,,610,,2017-02-18T05:47:57.437,2017-02-18T05:47:57.437,1,
1216,2,1207,2012-07-23T12:49:52.797,40,,590,,2012-07-26T10:41:42.077,2012-07-26T10:41:42.077,2,
1259,2,1244,2012-07-24T19:58:29.367,4,,314,,2012-07-24T19:58:29.367,,1,
1317,2,1312,2012-07-27T20:13:34.763,15,,487,,2012-08-02T21:59:27.580,2012-08-02T21:59:27.580,8,
1336,2,1066,2012-07-29T16:41:21.727,4,,840,,2012-07-29T16:41:21.727,,0,
1347,2,1346,2012-07-30T14:39:17.807,17,,56,,2019-10-11T09:07:56.520,2019-10-11T09:07:56.520,7,
1407,2,1284,2012-08-02T13:46:42.107,11,,506,,2012-08-02T13:55:31.267,2012-08-02T13:55:31.267,4,
1421,2,1417,2012-08-02T21:57:17.050,6,,777,,2012-08-03T08:54:05.530,2012-08-03T08:54:05.530,0,
1494,2,1484,2012-08-08T04:59:43.283,1,,1056,,2012-08-08T09:26:05.353,2012-08-08T09:26:05.353,6,
1622,2,1621,2012-08-16T11:39:53.483,6,,1070,,2012-08-16T11:39:53.483,2020-06-16T10:47:29.480,2,
1857,2,1552,2012-09-12T12:06:13.213,3,,1477,,2012-09-12T13:03:28.730,2012-09-12T13:03:28.730,0,
1950,2,1945,2012-09-20T15:14:27.920,0,,1431,,2012-09-20T15:14:27.920,,0,
2087,2,2086,2012-10-04T19:00:32.150,93,,86,,2019-07-18T21:37:26.353,2019-07-18T21:37:26.353,13,
3349,2,3338,2012-10-25T19:32:15.127,1,,1592,,2012-10-26T11:39:53.990,2012-10-26T11:39:53.990,7,
3620,2,1270,2012-11-17T16:03:38.080,4,,797,,2017-08-12T12:08:06.490,2017-08-12T12:08:06.490,0,
3882,2,3881,2012-12-06T23:56:43.633,4,,1101,,2012-12-07T00:15:08.747,2012-12-07T00:15:08.747,7,
3902,2,3898,2012-12-08T17:30:10.693,-1,,3665,,2013-01-10T07:05:45.457,2013-01-10T07:05:45.457,3,
4022,2,639,2012-12-17T08:33:52.050,7,,3810,,2012-12-17T08:33:52.050,,1,
4052,2,3627,2012-12-19T15:31:43.623,7,,1097,,2012-12-19T15:31:43.623,,0,
4599,2,4533,2013-01-21T17:22:59.377,2,,5537,,2013-01-22T11:04:53.660,2013-01-22T11:04:53.660,0,
4629,2,4625,2013-01-23T08:59:23.340,10,,894,,2013-02-03T02:30:35.083,2017-04-13T12:56:22.977,12,
4632,2,4625,2013-01-23T13:14:17.047,16,,5575,,2016-12-30T15:35:19.643,2017-04-13T12:56:25.647,0,
4747,2,4745,2013-01-29T20:24:51.690,9,,5538,,2013-01-29T20:55:14.313,2013-01-29T20:55:14.313,3,
4748,2,1207,2013-01-29T22:47:32.493,4,,4387,,2013-01-29T22:47:32.493,,0,
4877,2,4870,2013-02-07T09:47:56.390,1,,5458,,2013-02-07T09:47:56.390,,0,
4886,2,4884,2013-02-07T13:56:07.247,2,,1101,,2013-02-07T14:18:09.907,2013-02-07T14:18:09.907,0,
5001,2,5000,2013-02-16T19:54:12.450,3,,2972,,2013-02-16T19:54:12.450,2017-04-13T12:56:23.120,2,
5109,2,5097,2013-02-24T20:49:57.527,3,,1284,,2013-02-24T20:49:57.527,,0,
5198,2,4640,2013-03-02T03:34:05.067,4,,4395,,2013-12-14T15:39:54.020,2013-12-14T15:39:54.020,6,
6787,2,6782,2013-04-04T14:49:45.250,8,,6090,,2013-04-04T14:49:45.250,,2,
6979,2,6978,2013-04-12T11:10:01.660,13,,2972,,2018-02-05T14:14:19.510,2018-02-05T14:14:19.510,3,
6990,2,6807,2013-04-12T19:05:56.507,0,,6908,,2013-04-12T19:05:56.507,,0,
7013,2,7010,2013-04-13T17:08:00.883,3,,3918,,2013-04-13T21:48:37.097,2013-04-13T21:48:37.097,2,
7172,2,7092,2013-04-24T18:21:01.150,2,,6128,,2013-04-24T18:21:01.150,,0,
7192,2,7177,2013-04-26T07:53:25.947,35,,1390,,2015-05-29T07:27:02.117,2015-05-29T07:27:02.117,3,
7304,2,7301,2013-05-06T16:20:37.517,2,,1097,,2013-05-07T02:28:53.073,2013-05-07T02:28:53.073,0,
7396,2,6782,2013-05-13T17:08:59.593,6,,7232,,2013-05-13T17:08:59.593,2017-04-13T12:37:13.353,0,
7434,2,1130,2013-05-15T12:32:13.007,1,,7381,,2013-05-15T12:32:13.007,,1,
7666,2,935,2013-05-28T07:31:22.117,0,,7664,,2013-06-04T13:12:42.117,2013-06-04T13:12:42.117,1,
7685,2,5503,2013-05-29T00:37:01.443,2,,7040,,2013-05-29T00:37:01.443,,2,
7845,2,7842,2013-06-07T23:12:46.717,1,,7274,,2013-06-07T23:17:51.203,2013-06-07T23:17:51.203,2,
7873,2,7790,2013-06-09T02:53:59.063,2,,7867,,2013-06-09T04:40:42.813,2013-06-09T04:40:42.813,1,
7936,2,7933,2013-06-12T09:28:45.807,3,,7274,,2013-06-12T09:28:45.807,,0,
8048,2,8044,2013-06-19T19:55:03.863,6,,7274,,2013-06-19T19:55:03.863,,3,
8057,2,8053,2013-06-20T15:54:07.503,3,,7274,,2013-06-20T15:54:07.503,,1,
8060,2,8044,2013-06-20T23:34:58.287,2,,7968,,2013-06-20T23:34:58.287,,2,
8274,2,8270,2013-07-04T05:46:25.013,3,,8314,,2013-07-04T10:03:38.397,2013-07-04T10:03:38.397,0,
8278,2,8270,2013-07-04T08:45:37.793,1,,894,,2013-07-04T08:45:37.793,,0,
8314,2,8305,2013-07-07T13:22:33.507,17,,5538,,2015-10-31T02:22:55.093,2015-10-31T02:22:55.093,3,
8433,2,7788,2013-07-14T20:39:11.470,3,,4223,,2013-07-14T20:44:15.523,2013-07-14T20:44:15.523,3,
8548,2,8544,2013-07-22T14:37:05.997,8,,7155,,2013-07-23T13:35:36.077,2013-07-23T13:35:36.077,2,
8556,2,8544,2013-07-23T07:03:24.270,1,,8596,,2013-07-23T07:03:24.270,,0,
8606,2,8605,2013-07-25T17:37:20.983,4,,8631,,2013-07-25T18:02:36.843,2013-07-25T18:02:36.843,3,
8623,2,8586,2013-07-26T16:41:07.127,5,,8596,,2013-07-26T20:04:41.300,2013-07-26T20:04:41.300,0,
8703,2,8698,2013-07-30T21:57:16.123,12,,1311,,2017-02-27T20:58:52.110,2017-02-27T20:58:52.110,4,
8855,2,8808,2013-08-06T12:19:40.273,7,,6406,,2016-12-30T12:21:48.627,2016-12-30T12:21:48.627,8,
8907,2,4906,2013-08-08T14:00:14.857,5,,8681,,2013-08-08T14:00:14.857,,2,
8958,2,3475,2013-08-11T18:48:36.380,6,,6406,,2013-08-11T18:48:36.380,2017-04-13T12:56:23.633,0,
9010,2,9009,2013-08-14T12:15:02.200,7,,3759,,2013-08-15T08:35:43.367,2013-08-15T08:35:43.367,7,
9040,2,8638,2013-08-15T22:26:48.237,2,,2972,,2013-08-19T05:11:52.113,2013-08-19T05:11:52.113,0,
9062,2,9059,2013-08-16T21:30:35.803,13,,7863,,2013-08-16T21:30:35.803,,0,
9116,2,9110,2013-08-20T15:22:49.837,0,,8992,,2013-08-20T15:22:49.837,,0,
9321,2,9260,2013-08-29T07:54:42.913,2,,6283,,2013-08-29T07:54:42.913,,5,
9835,2,8757,2013-09-29T13:29:25.550,7,,9781,,2013-09-29T13:35:39.173,2013-09-29T13:35:39.173,0,
9839,2,9430,2013-09-29T17:56:50.677,1,,9776,,2013-09-29T17:56:50.677,2017-04-13T12:59:10.937,1,
9884,2,9880,2013-10-01T16:35:40.117,1,,7381,,2013-10-01T19:42:15.557,2013-10-01T19:42:15.557,3,
9965,2,9795,2013-10-05T07:56:39.897,6,,7309,,2013-10-05T08:22:34.030,2013-10-05T08:22:34.030,4,
10114,2,10100,2013-10-14T03:42:11.893,3,,7274,,2013-10-14T03:42:11.893,,6,
10134,2,10124,2013-10-15T11:38:25.697,2,,8992,,2013-10-15T11:38:25.697,,9,
10153,2,10151,2013-10-16T04:38:08.370,7,,7274,,2013-10-17T15:23:10.987,2013-10-17T15:23:10.987,6,
10306,2,10304,2013-10-25T02:21:59.640,3,,10215,,2013-10-25T02:31:29.690,2013-10-25T02:31:29.690,0,
10465,2,10444,2013-11-01T01:57:24.407,2,,7274,,2013-11-01T01:57:24.407,,0,
10477,2,10464,2013-11-01T19:08:38.043,0,,9741,,2013-11-01T19:08:38.043,,1,
10590,2,10571,2013-11-07T14:12:13.713,1,,10364,,2013-11-07T14:12:13.713,,2,
11832,2,11828,2013-11-20T22:53:26.903,1,,8631,,2013-11-20T22:53:26.903,,0,
11834,2,11662,2013-11-21T12:09:29.520,0,,7381,,2013-11-21T12:09:29.520,,1,
11851,2,11772,2013-11-22T02:41:06.417,1,,8631,,2013-11-22T02:41:06.417,,0,
12001,2,11996,2013-11-29T21:12:17.377,6,,5538,,2014-01-23T18:25:03.610,2017-04-13T12:56:22.537,2,
12057,2,12029,2013-12-02T23:40:31.107,4,,7274,,2013-12-02T23:40:31.107,,0,
12087,2,12079,2013-12-04T15:46:15.910,1,,5538,,2013-12-04T15:46:15.910,2017-05-23T12:37:05.627,0,
12106,2,12105,2013-12-05T04:25:17.290,9,,8631,,2013-12-05T04:25:17.290,,0,
12229,2,12209,2013-12-11T12:01:53.523,9,,5538,,2013-12-16T15:34:14.043,2017-05-23T12:37:05.627,8,
12244,2,12243,2013-12-12T14:41:54.260,1,,5538,,2013-12-12T14:47:52.767,2013-12-12T14:47:52.767,0,
12341,2,7707,2013-12-17T23:00:12.550,1,,8631,,2013-12-17T23:00:12.550,,1,
12667,2,9236,2014-01-01T21:59:52.357,2,,5538,,2014-01-01T21:59:52.357,,0,
12684,2,8421,2014-01-02T15:22:04.020,3,,3105,,2014-01-02T15:22:04.020,,0,
12716,2,4943,2014-01-04T12:09:31.693,7,,11777,,2014-01-04T12:09:31.693,,3,
12721,2,12710,2014-01-04T14:32:15.953,2,,894,,2014-01-04T14:32:15.953,,2,
13343,2,13334,2014-01-31T03:24:30.233,11,,12493,,2014-02-04T08:24:31.980,2014-02-04T08:24:31.980,0,
13403,2,13402,2014-02-02T19:48:12.173,1,,894,,2014-02-02T19:48:12.173,,5,
13553,2,13494,2014-02-08T18:19:15.807,0,,12647,,2014-02-08T18:19:15.807,,0,
13809,2,13770,2014-02-20T03:30:41.037,0,,8697,,2014-02-20T03:30:41.037,,0,
14057,2,7957,2014-02-28T16:14:17.517,1,,13180,,2014-02-28T20:43:04.813,2014-02-28T20:43:04.813,3,
14147,2,7866,2014-03-03T22:59:37.693,3,,13254,,2014-03-03T22:59:37.693,,1,
14181,2,14180,2014-03-04T17:45:22.493,4,,9048,,2014-03-04T17:45:22.493,,1,
14410,2,14406,2014-03-12T21:26:08.063,2,,13296,,2014-03-12T21:26:08.063,,1,
14566,2,14406,2014-03-18T19:18:40.137,1,,13332,,2014-03-18T22:47:18.337,2014-03-18T22:47:18.337,1,
14667,2,14637,2014-03-22T18:11:23.027,2,,13254,,2014-03-23T00:33:23.057,2014-03-23T00:33:23.057,1,
14698,2,14688,2014-03-23T22:28:08.827,2,,13415,,2014-03-23T22:28:08.827,,3,
14743,2,14740,2014-03-25T12:25:11.360,4,,894,,2014-03-25T12:57:30.047,2014-03-25T12:57:30.047,0,
14822,2,14815,2014-03-28T20:28:17.310,3,,13815,,2014-03-28T20:28:17.310,,2,
14835,2,14831,2014-03-29T10:54:53.443,2,,13822,,2014-07-02T08:59:41.427,2014-07-02T08:59:41.427,1,
14882,2,14815,2014-03-31T22:15:07.177,2,,13879,,2014-03-31T22:15:07.177,2017-05-23T12:37:05.773,1,
15036,2,8244,2014-04-08T00:03:45.783,3,,10705,,2014-04-25T06:36:00.837,2014-04-25T06:36:00.837,3,
15220,2,15176,2014-04-15T13:16:45.997,1,,13920,,2014-04-15T13:16:45.997,,0,
15385,2,15380,2014-04-22T16:12:21.823,3,,13281,,2019-08-25T17:06:41.947,2019-08-25T17:06:41.947,1,
15618,2,15613,2014-05-01T11:05:37.960,3,,7274,,2014-05-01T11:05:37.960,,0,
15764,2,15675,2014-05-07T13:15:56.900,9,,9475,,2014-05-07T13:15:56.900,2020-06-16T10:47:29.480,2,
15891,2,7081,2014-05-13T12:01:00.047,19,,14836,,2021-06-23T16:38:03.547,2021-06-23T16:38:03.547,5,
16961,2,15944,2014-05-16T17:43:51.340,6,,1311,,2014-05-16T17:43:51.340,,2,
16998,2,16997,2014-05-20T08:21:11.240,8,,8767,,2014-05-20T08:21:11.240,,2,
17032,2,15827,2014-05-21T09:23:58.173,2,,10742,,2014-05-21T09:23:58.173,,0,
17097,2,17096,2014-05-25T21:01:02.950,1,,7274,,2014-05-25T21:01:02.950,,3,
18218,2,18215,2014-06-02T09:14:19.297,1,,10590,,2014-06-02T13:00:05.197,2014-06-02T13:00:05.197,0,
18226,2,8927,2014-06-02T13:37:13.053,5,,10590,,2014-06-02T14:15:50.397,2014-06-02T14:15:50.397,1,
18266,2,18262,2014-06-04T14:53:02.483,1,,15160,,2014-06-05T10:00:19.643,2014-06-05T10:00:19.643,0,
19409,2,19406,2014-06-11T17:23:46.850,1,,1311,,2014-06-13T17:41:05.273,2014-06-13T17:41:05.273,12,
19698,2,19550,2014-06-25T13:38:45.690,0,,14827,,2014-06-25T13:38:45.690,2017-04-13T12:37:13.353,0,
19722,2,11901,2014-06-27T08:09:04.303,0,,12276,,2014-06-27T08:09:04.303,,0,
19729,2,19728,2014-06-27T16:00:43.913,0,,13281,,2014-06-27T16:00:43.913,,2,
19767,2,19765,2014-06-30T06:01:06.267,9,,13650,,2016-09-15T16:34:58.767,2018-12-17T19:02:24.963,2,
19928,2,15192,2014-07-07T21:51:28.903,124,,430,,2017-03-19T10:31:50.373,2017-04-13T12:56:23.120,27,
22004,2,22003,2014-07-10T22:03:50.133,2,,4055,,2014-07-14T19:06:07.490,2014-07-14T19:06:07.490,4,
22057,2,22054,2014-07-13T15:53:14.900,1,,13650,,2014-09-30T13:07:29.780,2018-12-17T19:02:24.963,0,
22148,2,9947,2014-07-16T15:30:32.340,1,,19050,,2014-07-16T15:30:32.340,,0,
22344,2,22338,2014-07-25T08:37:53.430,1,,9037,,2014-07-25T08:37:53.430,,3,
22356,2,22349,2014-07-26T02:58:04.707,1,,18976,,2014-07-27T18:59:42.620,2014-07-27T18:59:42.620,4,
22367,2,22363,2014-07-27T05:30:08.793,8,,7025,,2014-07-28T01:38:59.807,2014-07-28T01:38:59.807,1,
22497,2,22495,2014-08-01T12:45:17.840,2,,19336,,2014-08-01T12:45:17.840,,1,
22683,2,22490,2014-08-10T11:52:17.050,1,,13281,,2014-08-10T11:52:17.050,,13,
22743,2,22708,2014-08-13T23:40:09.483,19,,18954,,2017-01-10T00:58:35.280,2017-01-10T00:58:35.280,4,
22806,2,22787,2014-08-17T14:18:32.857,1,,7863,,2014-08-17T14:18:32.857,,0,
23211,2,23210,2014-09-09T12:16:59.370,1,,797,,2014-09-09T12:30:09.313,2014-09-09T12:30:09.313,7,
23277,2,1153,2014-09-15T08:26:29.540,8,,13650,,2014-09-15T08:26:29.540,,0,
23352,2,13415,2014-09-18T02:47:35.830,1,,13945,,2014-09-18T02:47:35.830,,0,
23364,2,23361,2014-09-18T12:27:23.397,4,,13650,,2014-09-18T14:33:59.357,2018-12-17T19:02:24.963,3,
23443,2,23442,2014-09-22T12:51:03.793,3,,19949,,2014-09-22T12:51:03.793,,2,
23673,2,23617,2014-10-04T12:15:00.520,1,,20656,,2014-10-04T12:15:00.520,,0,
23767,2,23762,2014-10-08T07:49:37.403,2,,13650,,2014-10-08T07:49:37.403,,0,
23789,2,23777,2014-10-08T23:06:24.993,1,,8697,,2014-10-08T23:06:24.993,,0,
23954,2,23944,2014-10-16T23:03:23.170,0,,7274,,2014-10-16T23:03:23.170,,0,
23995,2,23991,2014-10-19T21:59:26.833,3,,13281,,2014-10-20T10:53:44.483,2014-10-20T10:53:44.483,0,
24235,2,24234,2014-11-01T18:32:36.117,8,,5538,,2014-11-22T18:06:09.690,2014-11-22T18:06:09.690,2,
24256,2,24255,2014-11-01T04:04:57.590,4,,,UncleO,2014-11-01T04:04:57.590,,0,
24257,2,24255,2014-11-01T11:14:17.103,0,,9484,Clifford,2014-11-01T23:14:32.880,,0,
24267,2,24265,2014-11-03T21:28:36.783,2,,622,,2014-11-03T21:28:36.783,,2,
24349,2,24338,2014-11-07T08:07:16.040,4,,13650,,2014-11-07T10:57:51.513,2018-12-17T19:02:24.963,4,
24358,2,24356,2014-11-07T16:36:09.233,4,,5538,,2014-11-07T17:57:20.697,2014-11-07T17:57:20.697,1,
24565,2,11631,2014-11-21T01:24:17.227,24,,11900,,2016-03-06T05:38:27.443,2016-03-06T05:38:27.443,9,
24618,2,24617,2014-11-23T16:00:15.897,1,,5538,,2014-11-23T16:26:16.310,2014-11-23T16:26:16.310,0,
24627,2,24624,2014-11-24T07:19:03.663,2,,13650,,2014-11-24T09:22:32.863,2018-12-17T19:02:24.963,5,
24697,2,1601,2014-11-27T05:27:06.617,2,,10152,,2014-11-27T05:51:18.077,2014-11-27T05:51:18.077,0,
24753,2,24752,2014-11-30T21:34:59.217,6,,5538,,2015-08-02T17:37:55.270,2015-08-02T17:37:55.270,1,
24870,2,15453,2014-12-07T06:51:24.120,0,,20710,,2014-12-08T10:59:54.560,2014-12-08T10:59:54.560,2,
24890,2,24806,2014-12-08T17:16:51.230,2,,13650,,2015-02-11T19:50:16.303,2018-12-17T19:02:24.963,20,
25980,2,25979,2014-12-13T11:28:46.493,1,,13650,,2014-12-13T11:28:46.493,,3,
26004,2,12578,2014-12-14T13:46:15.000,3,,24233,,2014-12-15T17:24:34.653,2014-12-15T17:24:34.653,0,
26012,2,26010,2014-12-14T16:26:40.440,0,,13650,,2014-12-14T16:26:40.440,,5,
26217,2,26216,2014-12-23T02:44:40.883,5,,13650,,2014-12-24T09:24:02.593,2014-12-24T09:24:02.593,19,
26226,2,26222,2014-12-23T13:37:15.570,1,,13350,,2014-12-24T10:38:43.790,2014-12-24T10:38:43.790,3,
26428,2,12849,2015-01-01T02:32:31.980,1,,430,,2015-01-01T02:59:03.313,2017-04-13T12:56:23.120,0,
26500,2,9642,2015-01-04T00:56:58.963,0,,24767,,2015-01-04T00:56:58.963,,0,
26646,2,26645,2015-01-08T19:54:23.177,1,,24306,,2015-05-10T13:18:37.707,2015-05-10T13:18:37.707,1,
26746,2,26714,2015-01-11T23:25:15.430,23,,12729,,2016-02-19T18:33:28.533,2016-02-19T18:33:28.533,2,
26763,2,22712,2015-01-12T17:35:16.717,2,,26023,,2015-01-12T21:21:32.470,2015-01-12T21:21:32.470,1,
27090,2,26985,2015-01-25T19:22:12.113,1,,19540,,2015-01-25T19:30:59.530,2015-01-25T19:30:59.530,0,
27352,2,14611,2015-02-04T21:50:22.453,13,,26664,,2019-01-01T15:30:41.823,2019-01-01T15:30:41.823,4,
27361,2,27358,2015-02-05T05:02:56.953,5,,26163,,2015-02-05T16:50:39.797,2015-02-05T16:50:39.797,0,
27560,2,8544,2015-02-11T15:24:14.157,1,,26858,,2018-10-03T07:08:24.967,2018-10-03T07:08:24.967,0,
27594,2,27589,2015-02-12T16:38:34.887,0,,5538,,2015-02-12T16:53:41.307,2015-02-12T16:53:41.307,2,
27689,2,27676,2015-02-14T17:54:18.437,10,,26163,,2020-03-11T09:50:39.977,2020-03-11T09:50:39.977,2,
27772,2,27550,2015-02-16T17:34:08.627,1,,27062,,2015-02-16T17:34:08.627,,0,
27838,2,27831,2015-02-18T14:34:10.223,2,,5538,,2015-02-18T14:40:00.657,2015-02-18T14:40:00.657,0,
27843,2,27835,2015-02-18T20:41:33.150,1,,894,,2015-02-18T20:57:08.917,2020-06-16T10:47:29.480,1,
27862,2,14611,2015-02-19T10:21:53.580,5,,27195,,2018-03-21T10:00:32.410,2018-03-21T10:00:32.410,4,
27998,2,3469,2015-02-23T05:11:27.247,0,,20527,,2015-02-23T05:11:27.247,,0,
28060,2,28042,2015-02-25T04:17:05.637,3,,27382,,2015-02-25T04:17:05.637,2017-05-23T12:37:05.627,0,
28085,2,23836,2015-02-26T01:07:43.783,1,,27436,,2015-02-26T01:07:43.783,,0,
28127,2,28125,2015-02-27T08:14:06.993,2,,13650,,2015-02-27T08:14:06.993,,0,
28178,2,28176,2015-02-28T22:20:52.723,1,,22454,,2015-02-28T23:20:10.250,2017-05-23T12:37:05.627,14,
28343,2,28340,2015-03-05T15:20:36.313,3,,22699,,2015-03-05T15:20:36.313,,2,
28749,2,19902,2015-03-16T21:07:42.910,1,,28068,,2015-03-16T21:07:42.910,,0,
28820,2,28754,2015-03-19T07:45:19.890,12,,28136,,2015-03-19T07:45:19.890,,2,
28897,2,28881,2015-03-22T04:22:56.273,1,,26951,,2015-03-22T04:22:56.273,,1,
29022,2,28949,2015-03-25T19:29:24.940,0,,25964,,2015-03-25T21:17:18.577,2017-04-13T12:56:25.647,7,
29078,2,29074,2015-03-27T15:31:46.307,2,,5538,,2015-03-28T12:42:13.390,2017-04-13T12:56:25.953,0,
29143,2,12424,2015-03-30T03:42:12.253,-1,,28497,,2015-03-30T05:25:07.017,2015-03-30T05:25:07.017,2,
29160,2,29159,2015-03-30T17:33:28.300,1,,13650,,2015-03-30T21:00:34.507,2015-03-30T21:00:34.507,17,
29161,2,29159,2015-03-30T17:52:08.673,0,,5538,,2015-03-30T18:04:20.223,2015-03-30T18:04:20.223,0,
29423,2,29402,2015-04-08T05:43:31.377,1,,13304,,2015-04-10T01:27:47.487,2015-04-10T01:27:47.487,2,
29533,2,23909,2015-04-12T04:20:43.003,1,,28648,,2015-04-12T04:20:43.003,,0,
29624,2,29623,2015-04-15T09:21:51.573,2,,13650,,2015-04-15T09:57:02.630,2015-04-15T09:57:02.630,0,
29694,2,28689,2015-04-17T02:46:48.300,0,,11673,,2017-11-26T09:03:18.980,2017-11-26T09:03:18.980,0,
29721,2,29720,2015-04-18T00:43:25.583,2,,28648,,2015-04-18T00:43:25.583,,0,
29735,2,29734,2015-04-18T15:29:34.463,3,,13650,,2015-04-18T15:49:13.707,2018-12-17T19:02:24.963,1,
29952,2,29947,2015-04-25T16:16:56.007,10,,5538,,2018-01-13T16:50:37.707,2018-01-13T16:50:37.707,0,
29956,2,29953,2015-04-25T17:17:05.273,2,,13650,,2015-04-25T17:50:33.770,2015-04-25T17:50:33.770,3,
29995,2,29989,2015-04-27T11:17:32.193,2,,5538,,2015-04-27T11:17:32.193,,2,
30073,2,30054,2015-04-29T10:37:50.940,3,,13650,,2015-04-29T10:37:50.940,,1,
30145,2,30054,2015-05-01T22:29:49.580,2,,28759,,2015-05-01T22:29:49.580,,0,
30173,2,30170,2015-05-03T02:24:26.613,3,,13406,,2015-05-03T02:24:26.613,,0,
30180,2,30179,2015-05-03T12:51:16.290,1,,29518,,2015-05-03T12:51:16.290,,2,
30204,2,30201,2015-05-04T14:08:28.140,1,,5538,,2015-05-04T16:59:32.977,2015-05-04T16:59:32.977,4,
31298,2,9695,2015-05-06T17:35:19.430,6,,7232,,2015-05-06T17:35:19.430,2017-04-13T12:56:25.647,4,
31322,2,31321,2015-05-07T13:05:15.387,2,,5538,,2015-05-07T13:05:15.387,2017-04-13T12:37:13.353,5,
31337,2,15244,2015-05-07T19:21:18.577,-2,,30671,,2015-08-23T21:43:32.520,2015-08-23T21:43:32.520,1,
31494,2,31493,2015-05-12T21:19:36.640,2,,13650,,2015-05-12T22:02:53.543,2018-12-17T19:02:24.963,2,
31576,2,31574,2015-05-15T19:40:01.230,18,,8496,,2016-08-08T16:39:54.250,2016-08-08T16:39:54.250,2,
31594,2,10251,2015-05-16T11:42:19.593,2,,30917,,2015-05-16T12:22:17.777,2015-05-16T12:22:17.777,1,
31599,2,8418,2015-05-16T12:58:51.080,2,,30917,,2015-05-16T12:58:51.080,,0,
31667,2,31666,2015-05-18T13:41:44.400,2,,13650,,2015-05-18T14:11:45.753,2015-05-18T14:11:45.753,5,
31734,2,31728,2015-05-20T08:09:46.120,2,,13650,,2015-05-20T09:11:31.483,2018-12-17T19:02:24.963,2,
31756,2,3627,2015-05-20T17:40:53.173,5,,31057,,2015-05-20T17:46:24.820,2018-12-17T19:02:24.963,1,
31840,2,31829,2015-05-23T13:28:38.773,1,,5538,,2015-06-15T14:57:35.877,2015-06-15T14:57:35.877,5,
32048,2,31966,2015-05-29T15:33:22.967,2,,29246,,2015-06-05T11:03:48.530,2015-06-05T11:03:48.530,6,
32242,2,32240,2015-06-05T10:54:28.833,0,,13650,,2015-06-05T13:10:30.583,2015-06-05T13:10:30.583,2,
32396,2,32389,2015-06-10T07:27:28.233,3,,13650,,2015-06-10T07:27:28.233,,7,
32464,2,32462,2015-06-12T10:55:36.713,0,,26148,,2015-06-12T11:47:55.453,2015-06-12T11:47:55.453,9,
32652,2,32644,2015-06-18T13:04:56.957,5,,29174,,2015-06-18T13:18:56.797,2015-06-18T13:18:56.797,1,
32704,2,32703,2015-06-20T12:48:36.710,1,,13650,,2015-06-20T12:48:36.710,,2,
32729,2,32728,2015-06-21T12:11:43.157,1,,19820,,2015-06-21T12:11:43.157,,0,
32822,2,32795,2015-06-23T22:31:31.483,1,,4055,,2015-06-23T22:31:31.483,,2,
32853,2,32649,2015-06-24T14:42:58.327,1,,30760,,2015-06-24T14:42:58.327,,2,
33081,2,33036,2015-07-01T16:40:10.860,1,,32368,,2015-12-28T14:27:06.873,2015-12-28T14:27:06.873,0,
33289,2,33229,2015-07-09T16:42:36.070,1,,32585,,2015-07-09T16:42:36.070,,0,
33328,2,33318,2015-07-10T12:42:49.580,1,,32331,,2015-07-28T12:27:55.563,2015-07-28T12:27:55.563,9,
33464,2,32872,2015-07-14T20:47:24.037,0,,19650,,2015-07-14T20:47:24.037,,0,
33672,2,33666,2015-07-21T17:35:22.717,1,,13650,,2015-07-22T09:19:40.257,2015-07-22T09:19:40.257,3,
33736,2,33735,2015-07-23T12:17:18.410,5,,13650,,2015-07-23T12:17:18.410,,4,
34029,2,33875,2015-08-01T12:32:03.957,2,,5781,,2015-08-05T19:44:14.287,2015-08-05T19:44:14.287,4,
34127,2,34124,2015-08-05T08:00:12.503,1,,13650,,2015-08-05T08:10:11.627,2015-08-05T08:10:11.627,4,
34209,2,34207,2015-08-08T13:45:04.450,1,,13650,,2015-08-08T13:45:04.450,,3,
34319,2,34308,2015-08-11T21:40:40.317,1,,13650,,2015-08-11T21:40:40.317,,0,
34494,2,34484,2015-08-16T11:43:34.827,1,,13650,,2015-08-16T11:43:34.827,,6,
34672,2,34593,2015-08-21T18:45:23.057,1,,22480,,2015-08-21T18:45:23.057,,1,
34843,2,34840,2015-08-28T12:35:04.193,1,,13650,,2015-08-28T12:35:04.193,,5,
34877,2,32516,2015-08-29T22:12:16.187,8,,34197,,2015-08-30T19:10:46.470,2015-08-30T19:10:46.470,1,
34910,2,34909,2015-08-31T09:31:31.407,2,,,user29510,2015-08-31T10:55:20.083,2015-08-31T10:55:20.083,0,
36110,2,36097,2015-09-06T17:49:12.663,1,,33979,,2015-09-06T17:49:12.663,,1,
36157,2,28158,2015-09-08T01:52:08.910,1,,33979,,2015-09-08T01:52:08.910,,0,
36184,2,7086,2015-09-08T17:32:05.690,0,,12404,,2015-09-09T01:41:19.563,2015-09-09T01:41:19.563,0,
36494,2,36493,2015-09-17T11:48:57.350,2,,13650,,2015-09-17T11:48:57.350,,0,
36599,2,36595,2015-09-20T23:19:33.037,1,,34754,,2015-09-20T23:56:18.593,2015-09-20T23:56:18.593,11,
36664,2,6782,2015-09-23T14:17:28.810,4,,35032,,2017-01-05T12:26:32.323,2017-04-13T12:56:25.953,0,
36680,2,36674,2015-09-24T04:45:42.637,2,,5538,,2015-09-24T21:36:16.730,2015-09-24T21:36:16.730,3,
36995,2,5308,2015-10-05T02:54:37.110,1,,35417,,2018-10-18T18:49:06.990,2018-10-18T18:49:06.990,0,
37076,2,14293,2015-10-07T19:44:46.040,1,,35513,,2015-10-07T19:44:46.040,,0,
37120,2,37096,2015-10-09T09:14:47.710,3,,35512,,2015-10-09T09:14:47.710,2020-06-16T10:47:29.480,0,
37252,2,37225,2015-10-13T17:19:49.883,2,,14032,,2015-10-13T17:51:28.890,2015-10-13T17:51:28.890,0,
37255,2,27883,2015-10-13T20:17:02.497,0,,27216,,2015-12-25T14:54:25.857,2015-12-25T14:54:25.857,3,
37443,2,37069,2015-10-19T19:03:49.810,2,,894,,2015-10-19T19:03:49.810,,0,
37662,2,37366,2015-10-26T14:52:26.860,1,,23131,,2015-10-26T14:52:26.860,,0,
37709,2,37705,2015-10-27T22:37:39.550,1,,13650,,2015-10-27T22:37:39.550,2018-12-17T19:02:24.963,0,
37742,2,37739,2015-10-28T21:22:07.963,3,,56,,2015-10-28T21:22:07.963,,0,
37775,2,37733,2015-10-30T23:05:30.670,1,,35506,,2015-10-30T23:05:30.670,,0,
37804,2,37796,2015-11-01T01:19:05.860,5,,205,,2016-06-16T17:30:37.007,2016-06-16T17:30:37.007,3,
37861,2,37671,2015-11-03T12:04:07.940,4,,894,,2015-11-03T12:04:07.940,,2,
37923,2,37917,2015-11-05T10:23:23.637,1,,34922,,2015-11-05T10:23:23.637,,1,
37969,2,37151,2015-11-07T00:56:45.323,2,,28136,,2015-11-07T00:56:45.323,,0,
37970,2,36747,2015-11-07T02:15:07.797,8,,35146,,2016-08-30T19:45:10.510,2016-08-30T19:45:10.510,3,
38050,2,37579,2015-11-10T17:55:37.853,5,,36442,,2018-07-03T21:59:17.870,2018-07-03T21:59:17.870,0,
38103,2,31789,2015-11-12T14:50:04.057,1,,35327,,2015-11-12T14:50:04.057,,0,
38154,2,37892,2015-11-14T15:03:05.597,2,,36775,,2015-11-18T14:03:34.890,2015-11-18T14:03:34.890,0,
38163,2,38161,2015-11-15T05:34:19.650,3,,36788,,2015-11-15T05:34:19.650,,1,
38307,2,38186,2015-11-19T05:25:16.547,2,,3918,,2015-11-19T05:25:16.547,,0,
38450,2,38326,2015-11-22T23:26:00.963,1,,13650,,2015-11-22T23:26:00.963,,0,
38547,2,38536,2015-11-25T17:57:10.950,3,,8496,,2015-11-25T17:57:10.950,,1,
38604,2,36252,2015-11-26T19:59:13.827,3,,35276,,2015-11-26T19:59:13.827,,0,
38676,2,28811,2015-11-27T21:35:33.760,1,,37373,,2015-11-28T02:13:25.453,2015-11-28T02:13:25.453,0,
38901,2,10571,2015-12-02T23:12:57.337,1,,37643,,2015-12-02T23:12:57.337,,0,
38983,2,38955,2015-12-04T21:49:46.467,1,,34317,,2015-12-04T21:56:15.687,2015-12-04T21:56:15.687,1,
39054,2,39050,2015-12-06T23:27:12.883,2,,13650,,2018-12-18T07:09:55.963,2018-12-18T07:09:55.963,13,
39075,2,38955,2015-12-07T13:10:35.533,1,,11164,,2015-12-07T13:10:35.533,,1,
39146,2,36705,2015-12-08T21:41:39.440,3,,37959,,2015-12-08T21:41:39.440,,0,
39174,2,39153,2015-12-09T09:10:31.930,5,,7045,,2020-01-07T12:07:08.887,2020-01-07T12:07:08.887,4,
39196,2,39171,2015-12-09T17:21:55.093,2,,10590,,2015-12-09T17:21:55.093,2017-04-13T12:56:22.537,0,
39225,2,38830,2015-12-10T06:30:05.490,1,,38030,,2015-12-10T06:30:05.490,,0,
39377,2,28139,2015-12-14T00:01:24.487,2,,38207,,2015-12-14T00:07:55.380,2015-12-14T00:07:55.380,0,
39404,2,36058,2015-12-14T17:20:18.887,1,,36278,,2015-12-14T17:20:18.887,,0,
39406,2,39405,2015-12-14T17:47:17.757,6,,19435,,2015-12-18T19:49:28.300,2015-12-18T19:49:28.300,3,
39510,2,39270,2015-12-16T12:54:21.657,2,,19435,,2015-12-16T12:54:21.657,,0,
39691,2,38702,2015-12-18T11:56:37.717,3,,37404,,2015-12-19T09:24:18.377,2015-12-19T09:24:18.377,4,
39704,2,39202,2015-12-18T19:15:15.117,1,,37404,,2015-12-18T19:15:15.117,,0,
39786,2,39773,2015-12-20T15:08:59.693,4,,36970,,2015-12-20T15:08:59.693,,1,
39879,2,37177,2015-12-22T01:01:20.760,6,,33979,,2015-12-22T01:01:20.760,,5,
39942,2,39928,2015-12-23T18:49:15.460,12,,33979,,2016-01-19T17:40:44.283,2016-01-19T17:40:44.283,11,
39967,2,39964,2015-12-24T03:27:26.047,5,,13650,,2015-12-24T03:27:26.047,,2,
40245,2,40203,2015-12-30T01:46:11.023,4,,31133,,2015-12-31T16:20:11.640,2015-12-31T16:20:11.640,0,
40325,2,40318,2015-12-31T06:12:51.520,3,,13650,,2015-12-31T06:12:51.520,,0,
40373,2,40372,2016-01-01T04:31:12.607,1,,8496,,2016-01-01T04:31:12.607,,1,
40390,2,9891,2016-01-01T13:46:15.603,2,,24224,,2016-01-01T13:46:15.603,,0,
40393,2,26526,2016-01-01T14:20:14.983,23,,24224,,2018-01-11T14:03:57.393,2018-01-11T14:03:57.393,11,
40395,2,341,2016-01-01T14:36:39.177,2,,24224,,2016-03-19T12:39:50.883,2017-04-13T12:56:22.977,3,
40419,2,39845,2016-01-02T01:14:32.243,25,,24224,,2016-01-02T08:50:15.810,2016-01-02T08:50:15.810,4,
40592,2,39688,2016-01-05T09:05:38.910,1,,38436,,2016-01-05T09:05:38.910,,0,
40617,2,40615,2016-01-05T19:11:09.847,2,,8496,,2016-01-05T19:11:09.847,,1,
40697,2,38228,2016-01-06T21:42:43.443,2,,39417,,2016-01-06T21:47:57.087,2016-01-06T21:47:57.087,1,
40777,2,40740,2016-01-08T18:55:24.723,0,,31133,,2016-01-08T18:55:24.723,,1,
40801,2,34996,2016-01-09T08:41:06.287,5,,39062,,2016-01-09T08:41:06.287,,2,
40869,2,40868,2015-12-29T16:42:07.583,0,,,theturrible,2016-01-10T18:37:06.370,,4,
40873,2,33415,2016-01-10T19:32:06.970,0,,35793,,2016-01-10T19:32:06.970,,0,
40914,2,40912,2016-01-11T10:46:59.450,0,,13650,,2016-01-11T10:46:59.450,,7,
40975,2,8689,2016-01-12T11:46:58.243,1,,32790,,2016-08-16T07:53:35.550,2016-08-16T07:53:35.550,0,
41015,2,41014,2016-01-12T22:17:19.567,7,,5538,,2016-01-28T20:10:29.537,2016-01-28T20:10:29.537,5,
41094,2,41079,2016-01-14T12:47:06.670,1,,39217,,2016-01-20T21:54:23.803,2016-01-20T21:54:23.803,2,
41320,2,41316,2016-01-19T12:12:11.283,3,,13650,,2016-01-19T12:12:11.283,2018-12-17T19:02:24.963,1,
41327,2,7730,2016-01-19T13:46:56.317,6,,40140,,2016-01-19T13:53:34.637,2016-01-19T13:53:34.637,4,
41466,2,41465,2016-01-22T10:58:34.317,1,,9050,,2016-01-24T10:28:20.413,2016-01-24T10:28:20.413,2,
41535,2,41534,2016-01-23T17:43:07.183,4,,5538,,2016-01-23T17:43:07.183,,1,
41610,2,41503,2016-01-25T00:10:37.740,2,,13650,,2016-01-25T00:10:37.740,,1,
41788,2,41784,2016-01-28T16:31:29.810,3,,13650,,2016-01-29T12:23:59.390,2020-06-16T10:47:29.480,9,
42042,2,42039,2016-02-02T12:14:03.230,2,,13650,,2016-02-02T12:14:03.230,,0,
42106,2,42104,2016-02-03T19:01:32.087,-1,,39673,,2016-02-04T10:29:45.277,2017-05-23T12:37:05.773,5,
42480,2,42474,2016-02-11T21:41:06.530,1,,13650,,2016-02-11T21:41:06.530,,3,
42494,2,42487,2016-02-12T03:11:44.923,0,,32679,,2016-02-12T03:11:44.923,2017-04-13T12:56:23.633,1,
42551,2,42520,2016-02-13T07:25:55.067,1,,32679,,2016-02-13T07:25:55.067,,1,
42729,2,42728,2016-02-17T13:02:01.337,1,,13650,,2016-02-17T13:02:01.337,,2,
43004,2,42988,2016-02-23T08:32:54.687,3,,41813,,2016-02-23T08:32:54.687,,0,
43050,2,43042,2016-02-24T02:04:14.233,6,,41883,,2016-02-24T03:04:17.433,2016-02-24T03:04:17.433,4,
43053,2,43052,2016-02-24T04:27:46.617,0,,33979,,2016-02-24T04:27:46.617,,3,
43059,2,43037,2016-02-24T09:45:02.043,0,,35811,,2016-02-24T09:45:02.043,,1,
43119,2,43118,2016-02-25T06:49:30.303,5,,39084,,2016-02-25T06:49:30.303,,0,
43186,2,43185,2016-02-27T03:42:50.813,5,,33979,,2016-03-13T21:47:20.250,2016-03-13T21:47:20.250,0,
43415,2,43414,2016-03-02T04:28:04.797,4,,42349,,2018-10-31T19:32:46.067,2018-10-31T19:32:46.067,2,
43533,2,38638,2016-03-04T02:07:34.730,1,,42497,,2016-03-13T21:39:49.580,2016-03-13T21:39:49.580,6,
43600,2,43598,2016-03-05T11:08:27.723,1,,13650,,2016-03-05T11:08:27.723,2018-12-17T19:02:24.963,0,
43625,2,28648,2016-03-06T02:32:41.527,6,,42622,,2016-03-06T05:59:48.093,2016-03-06T05:59:48.093,2,
43836,2,42473,2016-03-10T05:42:42.117,1,,42330,,2016-03-11T13:54:01.737,2016-03-11T13:54:01.737,0,
43837,2,43629,2016-03-10T07:13:33.170,0,,41813,,2016-03-10T07:22:37.483,2016-03-10T07:22:37.483,1,
43895,2,43825,2016-03-11T05:30:30.820,4,,41813,,2016-03-11T05:30:30.820,,1,
44069,2,43921,2016-03-14T10:37:56.747,-4,,43110,,2016-04-14T17:22:33.423,2016-04-14T17:22:33.423,2,
44091,2,44089,2016-03-14T18:06:58.117,18,,32756,,2016-03-14T18:06:58.117,,3,
44107,2,40973,2016-03-15T00:49:02.507,0,,42497,,2016-03-15T01:11:37.027,2016-03-15T01:11:37.027,0,
44177,2,44168,2016-03-16T08:41:33.390,4,,13650,,2016-09-14T07:58:49.143,2016-09-14T07:58:49.143,0,
44225,2,44224,2016-03-17T01:45:28.170,2,,56,,2016-03-17T02:22:12.840,2017-05-23T12:37:05.627,0,
44286,2,44218,2016-03-18T01:26:17.260,1,,43268,,2016-03-18T01:26:17.260,,0,
44320,2,44277,2016-03-18T18:58:13.547,2,,13650,,2016-03-19T11:53:29.847,2018-12-17T19:02:24.963,5,
44395,2,37820,2016-03-20T10:26:09.680,2,,41717,,2016-03-22T07:37:34.383,2016-03-22T07:37:34.383,5,
44398,2,44393,2016-03-20T10:56:10.183,2,,13650,,2016-03-20T10:56:10.183,,1,
44406,2,44404,2016-03-20T13:20:07.247,2,,39295,,2016-03-20T19:18:20.747,2016-03-20T19:18:20.747,7,
44417,2,44416,2016-03-21T00:18:18.263,5,,13650,,2016-03-21T00:18:18.263,,0,
44730,2,34309,2016-03-26T17:03:36.687,1,,43212,,2016-07-31T21:04:51.673,2016-07-31T21:04:51.673,2,
44825,2,19705,2016-03-28T04:24:05.990,17,,43875,,2016-04-07T19:24:52.277,2017-04-13T12:56:25.647,5,
44882,2,44858,2016-03-29T00:32:01.673,0,,38030,,2016-03-29T19:25:03.897,2016-03-29T19:25:03.897,6,
44927,2,44924,2016-03-29T19:02:01.173,2,,31401,,2016-03-30T19:26:19.933,2016-03-30T19:26:19.933,0,
44977,2,44961,2016-03-30T17:36:33.640,0,,13650,,2016-03-30T17:36:33.640,2018-12-17T19:02:24.963,2,
44985,2,44731,2016-03-30T19:59:47.087,1,,26774,,2016-07-30T03:57:51.707,2020-06-16T10:47:29.480,2,
45493,2,45266,2016-04-08T22:49:31.840,1,,13650,,2016-04-08T22:49:31.840,,3,
45525,2,45512,2016-04-09T11:06:55.653,1,,13650,,2016-04-09T11:06:55.653,,0,
45610,2,45607,2016-04-10T20:54:51.200,2,,13650,,2016-04-10T20:54:51.200,2018-12-17T19:02:24.963,4,
45637,2,45634,2016-04-11T10:37:02.877,2,,56,,2016-04-11T11:53:18.017,2016-04-11T11:53:18.017,2,
45640,2,45574,2016-04-11T11:12:48.097,2,,44600,,2016-04-11T11:12:48.097,,0,
45646,2,45617,2016-04-11T13:29:22.833,2,,5538,,2016-04-11T15:16:11.707,2016-04-11T15:16:11.707,7,
45758,2,37671,2016-04-13T17:43:23.773,0,,44895,,2016-04-13T17:43:23.773,,0,
45867,2,45856,2016-04-15T11:03:50.630,1,,44964,,2016-04-15T11:03:50.630,,1,
45943,2,45266,2016-04-17T14:32:35.600,1,,31277,,2018-09-11T14:43:12.617,2018-09-11T14:43:12.617,0,
46600,2,46481,2016-04-28T22:20:14.363,1,,43607,,2016-05-02T01:51:14.530,2016-05-02T01:51:14.530,23,
46627,2,46475,2016-04-29T18:11:36.253,0,,30813,,2016-04-29T18:11:36.253,,2,
46635,2,46633,2016-04-29T22:43:31.430,0,,13650,,2016-04-30T07:45:26.453,2016-04-30T07:45:26.453,2,
46654,2,46631,2016-04-30T07:22:34.953,4,,30813,,2016-04-30T07:22:34.953,,2,
46657,2,45458,2016-04-30T09:29:07.177,2,,45836,,2016-04-30T11:20:36.953,2016-04-30T11:20:36.953,0,
46840,2,46735,2016-05-04T02:34:14.280,2,,43607,,2016-05-04T20:17:37.997,2016-05-04T20:17:37.997,5,
46882,2,46879,2016-05-04T21:40:44.880,2,,46066,,2016-05-04T21:40:44.880,,1,
46889,2,46830,2016-05-05T00:34:17.003,2,,46007,,2016-05-05T00:34:17.003,2017-03-20T10:04:42.387,1,
46948,2,41920,2016-05-05T22:40:59.330,5,,46007,,2016-05-05T22:50:40.647,2017-03-20T10:18:01.893,0,
46949,2,46881,2016-05-05T23:03:09.660,2,,46067,,2016-05-05T23:03:09.660,,6,
47120,2,47097,2016-05-10T07:53:49.753,3,,13650,,2016-05-10T07:53:49.753,,0,
47301,2,47300,2016-05-13T17:52:00.090,0,,13650,,2016-05-13T17:52:00.090,,4,
47462,2,47461,2016-05-17T04:34:48.917,0,,42725,,2016-05-20T06:25:25.280,2016-05-20T06:25:25.280,3,
47484,2,28030,2016-05-17T14:57:05.903,1,,,user44926,2016-05-17T14:57:05.903,,0,
47501,2,47355,2016-05-17T19:03:40.083,2,,45680,,2016-05-17T19:30:42.840,2016-05-17T19:30:42.840,0,
47851,2,47671,2016-05-24T18:39:57.353,16,,9060,,2016-07-27T15:41:46.023,2016-07-27T15:41:46.023,2,
48025,2,40222,2016-05-28T15:58:09.023,3,,10742,,2017-03-30T13:46:48.477,2017-03-30T13:46:48.477,0,
48073,2,40027,2016-05-29T15:07:47.330,2,,40305,,2016-05-29T15:07:47.330,,0,
48316,2,48307,2016-06-03T14:20:10.940,9,,31133,,2020-08-22T00:21:58.053,2020-08-22T00:21:58.053,4,
49378,2,49374,2016-06-05T11:43:30.727,3,,13650,,2016-06-05T11:43:30.727,,0,
49442,2,49440,2016-06-07T06:02:47.180,1,,46969,,2017-12-31T15:09:55.580,2017-12-31T15:09:55.580,3,
49525,2,49522,2016-06-08T20:01:28.427,2,,13650,,2016-06-08T20:01:28.427,2018-12-17T19:02:24.963,0,
49624,2,49621,2016-06-10T16:01:59.497,0,,31194,,2016-06-10T16:28:34.207,2016-06-10T16:28:34.207,5,
49625,2,7177,2016-06-10T16:46:37.737,5,,6413,,2017-03-25T07:44:43.403,2017-03-25T07:44:43.403,1,
49686,2,49669,2016-06-11T14:58:11.650,0,,553,,2016-06-11T14:58:11.650,,0,
49711,2,49689,2016-06-12T00:01:57.550,0,,31483,,2016-06-12T00:25:17.527,2016-06-12T00:25:17.527,0,
49941,2,49940,2016-06-16T19:15:57.700,0,,13650,,2016-06-16T19:15:57.700,2018-12-17T19:02:24.963,2,
50236,2,50233,2016-06-22T18:52:12.963,4,,5538,,2016-06-22T18:52:12.963,2020-06-16T10:47:29.480,0,
50513,2,44961,2016-06-29T07:57:39.660,1,,33564,,2016-06-29T07:57:39.660,,1,
50572,2,50561,2016-06-30T09:10:23.673,1,,7217,,2016-06-30T09:10:23.673,,3,
50591,2,3802,2016-06-30T15:49:36.183,2,,42924,,2016-06-30T20:03:47.917,2016-06-30T20:03:47.917,0,
50614,2,50609,2016-07-01T04:30:44.597,0,,47668,,2016-07-01T04:53:14.237,2020-06-16T10:47:29.480,0,
50779,2,44961,2016-07-04T14:27:20.980,0,,42148,,2016-07-04T14:27:20.980,,0,
50948,2,44867,2016-07-07T21:23:15.667,5,,1050,,2017-11-04T02:00:59.820,2017-11-04T02:00:59.820,1,
50951,2,40228,2016-07-07T21:55:11.413,12,,32351,,2016-07-07T21:55:11.413,,2,
51031,2,51016,2016-07-10T00:18:12.443,0,,45494,,2016-07-10T16:06:09.893,2016-07-10T16:06:09.893,7,
51401,2,51375,2016-07-18T15:01:14.100,2,,48345,,2016-07-18T15:01:14.100,,0,
51481,2,51464,2016-07-20T08:18:24.637,2,,49636,,2016-11-26T23:54:34.807,2016-11-26T23:54:34.807,2,
51582,2,51574,2016-07-22T13:30:49.200,2,,49846,,2016-07-22T15:39:10.147,2016-07-22T15:39:10.147,3,
51709,2,2169,2016-07-25T14:40:17.780,3,,37947,,2019-02-07T19:52:44.133,2019-02-07T19:52:44.133,0,
51796,2,51764,2016-07-27T11:36:29.777,1,,48345,,2016-07-27T11:36:29.777,,2,
51822,2,51736,2016-07-28T03:04:56.037,3,,,user50099,2016-07-28T03:11:01.457,2017-04-13T12:37:13.353,4,
51886,2,8303,2016-07-29T18:53:05.530,0,,50199,,2016-07-31T13:04:08.623,2016-07-31T13:04:08.623,0,
51912,2,51889,2016-07-30T14:08:38.327,0,,45425,,2016-07-30T14:08:38.327,,0,
51946,2,51248,2016-07-31T13:37:05.977,4,,38114,,2016-07-31T13:37:05.977,,1,
53153,2,53146,2016-08-05T01:23:18.017,1,,43607,,2016-08-05T01:23:18.017,,0,
53269,2,53195,2016-08-08T09:41:27.323,1,,41423,,2016-08-09T01:35:03.200,2016-08-09T01:35:03.200,0,
53388,2,53387,2016-08-11T09:28:53.337,1,,13650,,2016-08-11T11:20:00.557,2016-08-11T11:20:00.557,7,
53454,2,53436,2016-08-13T00:24:24.080,0,,8697,,2016-08-13T00:24:24.080,,1,
53583,2,53528,2016-08-16T01:56:57.063,0,,5538,,2016-09-04T12:27:39.313,2016-09-04T12:27:39.313,4,
53617,2,39928,2016-08-16T15:06:49.307,5,,22193,,2016-08-16T15:06:49.307,2017-04-13T12:56:23.633,2,
53682,2,53393,2016-08-18T07:26:20.853,1,,45943,,2016-08-26T20:33:25.547,2016-08-26T20:33:25.547,2,
53800,2,2086,2016-08-22T09:50:15.130,7,,52293,,2016-08-22T09:50:15.130,2020-06-16T10:47:29.480,3,
53812,2,53490,2016-08-22T14:14:28.670,2,,48937,,2016-08-22T14:14:28.670,,1,
53855,2,53854,2016-08-23T11:05:28.603,17,,52338,,2016-08-23T11:05:28.603,,1,
53918,2,53916,2016-08-19T13:18:51.467,0,,,Mason Younger,2016-08-19T13:18:51.467,,1,
53987,2,53975,2016-08-25T18:22:31.320,3,,17471,,2016-08-25T18:22:31.320,,3,
54059,2,54058,2016-08-26T17:49:50.917,1,,5538,,2016-08-26T18:01:53.020,2016-08-26T18:01:53.020,2,
54262,2,54199,2016-08-30T23:24:13.263,-1,,48183,,2017-07-15T13:06:43.467,2017-07-15T13:06:43.467,1,
54265,2,54263,2016-08-31T02:48:36.463,0,,48118,,2016-08-31T02:48:36.463,,1,
54323,2,54320,2016-09-01T09:42:08.980,1,,17669,,2016-09-01T09:42:08.980,2020-06-16T10:47:29.480,8,
54404,2,45500,2016-09-03T02:40:05.677,3,,47239,,2016-09-04T11:34:14.213,2016-09-04T11:34:14.213,4,
54540,2,48320,2016-09-06T11:27:53.647,1,,48345,,2016-09-06T11:27:53.647,,0,
54839,2,27857,2016-09-12T17:11:33.957,1,,20848,,2016-09-12T17:11:33.957,,0,
54955,2,54953,2016-09-14T20:22:23.353,3,,13650,,2016-09-14T20:22:23.353,,2,
55030,2,55029,2016-09-16T08:48:28.300,0,,48345,,2016-09-16T08:48:28.300,,2,
55049,2,54760,2016-09-16T17:55:55.827,1,,31426,,2016-09-16T17:55:55.827,,0,
55162,2,55157,2016-09-19T01:35:15.657,1,,33810,,2016-09-26T01:26:27.727,2017-04-13T12:56:22.033,7,
55226,2,19613,2016-09-20T03:53:10.693,0,,53738,,2016-09-20T03:53:10.693,,0,
55284,2,55283,2016-09-21T02:16:10.613,4,,33810,,2016-09-21T21:30:03.597,2016-09-21T21:30:03.597,6,
55380,2,55317,2016-09-22T20:31:35.240,1,,52613,,2016-09-22T20:31:35.240,,0,
55410,2,55366,2016-09-23T10:07:47.477,0,,13650,,2016-09-23T10:07:47.477,,0,
55531,2,55528,2016-09-26T13:15:09.567,3,,33476,,2016-09-26T13:15:09.567,,0,
55646,2,55641,2016-09-28T18:21:01.263,3,,,user50455,2016-09-28T18:21:01.263,2017-04-13T12:33:08.127,0,
55724,2,55718,2016-09-30T06:00:16.363,2,,33810,,2016-09-30T06:52:07.347,2016-09-30T06:52:07.347,1,
55743,2,55741,2016-09-30T14:32:17.783,0,,13650,,2016-10-01T09:14:01.153,2016-10-01T09:14:01.153,1,
55827,2,55823,2016-10-02T23:07:24.980,1,,33810,,2016-10-03T18:18:39.560,2016-10-03T18:18:39.560,1,
56004,2,56003,2016-10-06T20:08:11.910,3,,13650,,2016-10-06T20:08:11.910,,1,
56016,2,40883,2016-10-07T09:11:08.183,4,,33476,,2019-12-05T11:12:25.057,2019-12-05T11:12:25.057,1,
56084,2,49891,2016-10-08T20:09:49.230,1,,41813,,2019-07-23T10:44:28.760,2019-07-23T10:44:28.760,0,
56372,2,542,2016-10-15T19:02:10.957,3,,33424,,2018-01-13T12:27:25.483,2018-01-13T12:27:25.483,0,
56379,2,56377,2016-10-15T23:20:00.487,4,,33810,,2016-10-15T23:20:00.487,,1,
56449,2,54514,2016-10-18T00:26:35.173,7,,33810,,2016-10-18T00:26:35.173,2017-05-23T12:37:05.773,6,
56516,2,56278,2016-10-19T00:53:36.010,5,,48047,,2016-10-19T17:50:39.953,2016-10-19T17:50:39.953,0,
56799,2,56797,2016-10-25T16:30:55.563,2,,56,,2016-10-25T16:30:55.563,,1,
56864,2,56857,2016-10-26T12:44:22.620,2,,5538,,2016-10-27T13:28:46.353,2016-10-27T13:28:46.353,0,
56969,2,46114,2016-10-28T08:33:19.300,0,,55690,,2016-10-28T08:33:19.300,,0,
56983,2,56982,2016-10-28T14:47:49.393,0,,13650,,2016-10-28T14:47:49.393,,1,
56988,2,56986,2016-10-28T18:53:11.733,2,,54793,,2016-10-28T20:19:20.823,2016-10-28T20:19:20.823,0,
57093,2,56937,2016-10-31T20:11:52.437,4,,13650,,2016-10-31T21:21:38.353,2018-12-17T19:02:24.963,1,
57143,2,935,2016-11-02T02:10:57.653,0,,55928,,2016-11-02T02:10:57.653,,0,
57207,2,57202,2016-11-03T13:00:46.223,3,,55995,,2016-11-03T13:00:46.223,,0,
57364,2,57221,2016-11-07T11:53:56.867,1,,56000,,2016-11-07T11:53:56.867,,0,
57446,2,57442,2016-11-09T08:58:01.520,2,,13650,,2016-11-09T10:15:03.720,2016-11-09T10:15:03.720,4,
57490,2,46664,2016-11-10T01:50:13.897,1,,54793,,2016-11-10T09:55:40.633,2016-11-10T09:55:40.633,0,
57783,2,57777,2016-11-17T13:10:50.517,1,,56616,,2016-11-17T13:10:50.517,,0,
57907,2,57906,2016-11-20T17:03:04.460,3,,5538,,2016-12-16T17:55:04.203,2016-12-16T17:55:04.203,2,
57978,2,57972,2016-11-22T10:08:44.397,4,,53516,,2016-11-22T10:08:44.397,,3,
58092,2,58018,2016-11-24T16:15:32.807,0,,53831,,2016-11-24T16:15:32.807,,1,
58174,2,58170,2016-11-27T13:30:33.617,1,,47239,,2016-11-27T13:30:33.617,,1,
58316,2,58314,2016-11-30T11:18:11.207,2,,57386,,2016-11-30T11:18:11.207,,0,
58582,2,58577,2016-12-07T01:09:09.307,4,,34558,,2016-12-07T01:43:47.507,2017-04-13T12:56:22.787,6,
58968,2,58910,2016-12-15T02:34:08.573,4,,58112,,2016-12-15T02:34:08.573,,0,
59255,2,4385,2016-12-21T21:53:00.643,8,,33476,,2021-10-18T08:02:51.323,2021-10-18T08:02:51.323,0,
59392,2,59110,2016-12-25T10:53:55.080,0,,36970,,2016-12-25T10:53:55.080,,1,
59406,2,51094,2016-12-25T17:21:00.963,0,,58771,,2016-12-25T17:21:00.963,,0,
59602,2,39869,2016-12-30T02:37:38.780,1,,55979,,2016-12-30T03:08:34.587,2017-04-13T12:56:23.633,0,
59638,2,42570,2016-12-30T21:04:37.020,2,,16202,,2016-12-30T21:14:28.220,2016-12-30T21:14:28.220,1,
59814,2,24092,2017-01-03T23:17:46.197,2,,59304,,2017-05-25T09:12:24.060,2017-05-25T09:12:24.060,0,
59857,2,59852,2017-01-04T14:47:50.837,2,,59271,,2021-05-20T14:35:07.713,2021-05-20T14:35:07.713,11,
60059,2,60048,2017-01-07T19:26:13.810,0,,59604,,2017-01-07T20:47:18.250,2017-01-07T20:47:18.250,1,
60148,2,60112,2017-01-09T21:34:39.537,0,,46953,,2017-01-09T23:03:53.427,2017-05-23T12:37:05.773,6,
60188,2,60184,2017-01-10T13:45:15.503,2,,894,,2017-01-10T13:45:15.503,,1,
60228,2,40310,2017-01-11T07:14:34.357,1,,59691,,2017-01-11T07:14:34.357,,2,
60856,2,60618,2017-01-23T11:51:27.573,0,,58715,,2017-01-23T11:51:27.573,,1,
61058,2,61047,2017-01-26T14:30:55.630,0,,32756,,2017-01-26T14:30:55.630,,0,
61061,2,61012,2017-01-26T16:07:11.420,1,,32756,,2017-01-26T16:07:11.420,,0,
61123,2,4120,2017-01-27T17:25:38.680,1,,36066,,2020-06-15T09:07:07.917,2020-06-15T09:07:07.917,0,
61306,2,61296,2017-01-31T16:14:25.500,0,,53531,,2017-01-31T16:14:25.500,,1,
61365,2,61364,2017-02-01T20:31:40.837,8,,60949,,2017-02-08T07:20:54.670,2017-04-13T12:56:22.977,9,
61444,2,61438,2017-02-03T12:02:08.870,0,,13650,,2017-02-03T12:02:08.870,,0,
61550,2,61544,2017-02-05T20:26:49.923,3,,13650,,2017-02-05T20:26:49.923,,0,
61652,2,61651,2017-02-07T12:59:33.530,7,,54871,,2017-02-07T12:59:33.530,,0,
61654,2,5345,2017-02-07T13:39:39.783,0,,61499,,2017-02-07T13:39:39.783,,0,
61801,2,61732,2017-02-10T13:37:52.063,3,,61632,,2018-06-27T10:55:42.863,2020-06-16T10:47:29.480,0,
62225,2,62206,2017-02-20T12:51:37.190,1,,62318,,2017-02-21T10:36:21.297,2017-02-21T10:36:21.297,0,
62284,2,60929,2017-02-21T11:31:06.417,1,,58142,,2017-02-21T13:02:50.633,2017-02-21T13:02:50.633,0,
62288,2,61861,2017-02-21T12:52:03.567,3,,40808,,2017-02-21T12:52:03.567,,0,
62695,2,50967,2017-03-01T21:58:14.997,6,,31133,,2017-03-01T21:58:14.997,,2,
62765,2,61204,2017-03-03T03:36:19.767,0,,43610,,2018-03-05T18:35:06.443,2018-03-05T18:35:06.443,2,
62851,2,62848,2017-03-04T22:04:28.940,2,,32997,,2017-03-04T22:04:28.940,2017-05-23T12:37:05.773,1,
62943,2,62933,2017-03-06T23:27:26.460,21,,62691,,2017-05-08T14:29:11.427,2017-05-08T14:29:11.427,5,
62949,2,62933,2017-03-07T02:40:17.137,15,,63194,,2017-03-07T02:40:17.137,,1,
62957,2,59110,2017-03-07T06:18:47.940,0,,63289,,2017-03-07T06:18:47.940,,0,
63068,2,63029,2017-03-08T20:58:23.030,0,,63198,,2017-03-08T20:58:23.030,,0,
63280,2,63257,2017-03-13T15:24:03.263,1,,32756,,2017-03-13T15:24:03.263,2017-04-13T12:56:22.537,3,
63472,2,63469,2017-03-17T09:40:56.373,2,,13650,,2017-03-17T09:46:36.277,2017-03-17T09:46:36.277,2,
63513,2,63492,2017-03-18T02:43:43.973,1,,13887,,2017-04-06T21:31:26.620,2017-04-06T21:31:26.620,6,
63766,2,63677,2017-03-22T08:26:14.013,1,,63535,,2017-03-22T16:41:28.767,2017-03-22T16:41:28.767,2,
63816,2,61002,2017-03-23T07:59:22.780,0,,60703,,2017-03-23T07:59:22.780,,2,
63843,2,28664,2017-03-23T20:14:48.157,0,,64340,,2017-03-24T01:51:46.857,2017-03-24T01:51:46.857,0,
63947,2,63944,2017-03-26T16:05:00.807,2,,13650,,2017-03-26T16:05:00.807,,0,
63969,2,60577,2017-03-27T03:52:42.810,1,,54154,,2017-03-27T03:52:42.810,,0,
63986,2,63839,2017-03-27T14:58:37.157,0,,12476,,2017-03-27T14:58:37.157,,0,
64065,2,43303,2017-03-29T10:11:58.560,1,,61089,,2017-03-29T10:11:58.560,,0,
64141,2,63988,2017-03-30T16:08:41.243,3,,64567,,2017-03-30T16:44:56.030,2017-03-30T16:44:56.030,0,
64175,2,64142,2017-03-31T11:30:01.990,1,,48345,,2017-03-31T11:30:01.990,,1,
64183,2,62933,2017-03-31T15:01:41.210,7,,64733,,2017-03-31T15:01:41.210,,1,
64254,2,50316,2017-04-02T07:44:50.290,-2,,64848,,2017-04-02T10:04:30.120,2017-04-02T10:04:30.120,1,
64307,2,56941,2017-04-03T03:24:24.203,0,,64928,,2017-04-03T03:31:31.080,2017-04-03T03:31:31.080,1,
64441,2,64440,2017-04-05T14:31:08.070,2,,31133,,2017-04-05T14:31:08.070,,0,
64550,2,64531,2017-04-07T22:03:59.903,1,,47239,,2017-04-07T22:03:59.903,,0,
65584,2,64521,2017-04-08T18:39:57.797,0,,65182,,2017-04-08T18:39:57.797,,0,
65628,2,51642,2017-04-10T01:20:15.223,4,,65312,,2017-04-10T01:55:42.587,2017-04-10T01:55:42.587,2,
65652,2,64465,2017-04-10T14:30:34.637,0,,65106,,2017-04-10T14:30:34.637,,0,
65748,2,65741,2017-04-13T08:54:58.383,0,,33564,,2017-04-13T09:36:49.250,2017-04-13T09:36:49.250,2,
65764,2,65740,2017-04-13T15:04:01.107,0,,61030,,2017-04-13T15:04:01.107,,1,
65818,2,61888,2017-04-14T19:27:20.753,6,,22920,,2017-04-14T19:27:20.753,,0,
65977,2,65975,2017-04-18T15:45:40.483,3,,5538,,2017-04-19T12:12:13.723,2017-04-19T12:12:13.723,4,
65999,2,65889,2017-04-19T01:13:55.997,1,,65482,,2017-04-19T01:18:57.520,2017-04-19T01:18:57.520,5,
66015,2,60872,2017-04-19T09:17:00.777,3,,65826,,2017-04-19T09:17:00.777,,1,
66160,2,59110,2017-04-22T14:33:26.840,1,,66006,,2017-04-22T14:33:26.840,,0,
66175,2,43977,2017-04-22T19:47:36.597,0,,28579,,2017-04-22T19:47:36.597,,0,
66272,2,65666,2017-04-25T12:37:44.030,0,,59271,,2017-04-25T12:37:44.030,,0,
66385,2,66383,2017-04-27T15:05:04.627,1,,29246,,2017-04-27T15:05:04.627,,2,
66508,2,37103,2017-04-30T12:40:11.670,1,,43247,,2017-04-30T14:44:15.850,2020-06-16T10:47:29.480,0,
66548,2,43825,2017-05-01T12:30:11.023,5,,41428,,2017-05-01T12:30:11.023,,0,
66578,2,66569,2017-05-02T05:04:03.460,0,,47239,,2017-05-02T05:04:03.460,,1,
66737,2,62705,2017-05-06T00:46:21.253,0,,,user66667,2017-05-06T00:46:21.253,,0,
66762,2,66718,2017-05-06T12:06:42.910,2,,66684,,2017-05-13T19:44:05.993,2017-05-13T19:44:05.993,0,
66888,2,66884,2017-05-10T00:55:59.967,1,,66911,,2017-05-10T00:55:59.967,,0,
66950,2,66949,2017-05-11T05:06:56.213,3,,26308,,2017-05-11T05:06:56.213,,0,
66955,2,24733,2017-05-11T07:19:25.840,6,,67000,,2017-05-11T07:19:25.840,,0,
66986,2,66984,2017-05-11T15:22:47.120,1,,13650,,2017-05-11T15:22:47.120,,2,
67461,2,67452,2017-05-24T16:36:59.717,2,,51777,,2017-05-24T16:36:59.717,,0,
67525,2,67510,2017-05-26T06:21:47.300,1,,67409,,2017-09-22T05:41:38.140,2020-06-16T10:47:29.480,0,
67673,2,67641,2017-05-29T13:58:48.087,1,,553,,2017-05-31T15:12:31.657,2017-05-31T15:12:31.657,4,
67687,2,67686,2017-05-29T19:59:50.887,2,,24296,,2017-05-29T20:06:47.517,2017-05-29T20:06:47.517,2,
67709,2,67705,2017-05-30T09:19:43.913,3,,24296,,2017-06-17T17:19:21.573,2017-06-17T17:19:21.573,0,
67830,2,67829,2017-06-01T16:17:18.243,12,,,user67191,2017-06-01T16:17:18.243,,1,
68072,2,68044,2017-06-07T00:13:33.220,1,,47239,,2017-06-07T00:13:33.220,,1,
68108,2,67387,2017-06-07T15:52:34.457,1,,68047,,2017-06-07T15:52:34.457,,1,
68135,2,68127,2017-06-08T05:30:07.967,2,,68416,,2018-07-03T01:46:31.617,2018-07-03T01:46:31.617,1,
68249,2,60084,2017-06-10T04:57:31.797,1,,68552,,2017-06-19T20:41:11.940,2017-06-19T20:41:11.940,0,
68357,2,66929,2017-06-12T19:12:08.653,3,,64761,,2017-06-12T19:12:08.653,,0,
68618,2,68304,2017-06-17T21:42:07.887,0,,46418,,2017-06-17T21:42:07.887,,0,
68628,2,68015,2017-06-18T02:48:56.307,1,,64761,,2017-06-18T16:50:36.080,2017-06-18T16:50:36.080,0,
68661,2,41069,2017-06-18T23:27:24.510,2,,69002,,2020-05-12T13:49:05.670,2020-05-12T13:49:05.670,0,
68770,2,68699,2017-06-21T06:25:06.723,1,,69039,,2017-06-21T06:25:06.723,,0,
68810,2,68784,2017-06-22T05:03:15.547,0,,47239,,2017-06-22T05:03:15.547,,0,
68818,2,59852,2017-06-22T07:26:01.907,0,,69132,,2017-06-22T18:01:47.200,2017-06-22T18:01:47.200,0,
69267,2,56373,2017-07-02T14:09:56.607,1,,33424,,2018-05-22T06:41:21.430,2018-05-22T06:41:21.430,2,
69367,2,69115,2017-07-04T19:42:03.693,1,,46683,,2017-07-04T19:42:03.693,,0,
69652,2,69639,2017-07-11T12:10:36.510,1,,58715,,2017-07-11T12:10:36.510,,0,
69724,2,69628,2017-07-12T19:38:04.930,1,,69484,,2017-07-13T14:14:38.227,2017-07-13T14:14:38.227,0,
69783,2,69717,2017-07-14T01:43:04.143,1,,47239,,2017-07-14T01:43:04.143,,0,
69869,2,69717,2017-07-16T16:59:23.310,1,,70143,,2017-07-16T16:59:23.310,,0,
70241,2,70239,2017-07-24T15:02:55.877,1,,59271,,2017-07-24T15:02:55.877,,4,
70258,2,67364,2017-07-24T20:04:02.333,2,,55740,,2017-07-24T20:04:02.333,,0,
70449,2,70335,2017-07-28T18:34:08.187,5,,10699,,2017-08-07T11:36:11.247,2017-08-07T11:36:11.247,26,
70673,2,70672,2017-08-03T05:44:04.947,0,,30886,,2017-08-03T08:35:10.987,2017-08-03T08:35:10.987,1,
70679,2,70521,2017-08-03T08:22:09.817,0,,59948,,2017-08-03T08:22:09.817,,0,
70703,2,70697,2017-08-03T18:08:16.370,1,,42456,,2017-08-03T18:08:16.370,,4,
70802,2,29983,2017-08-06T05:04:20.253,0,,30886,,2017-08-06T05:04:20.253,,0,
70914,2,70913,2017-08-08T14:32:46.497,2,,42456,,2017-08-08T14:37:48.290,2017-08-08T14:37:48.290,0,
70944,2,70926,2017-08-09T09:34:57.423,1,,13650,,2017-08-09T09:34:57.423,,1,
70946,2,70945,2017-08-09T09:36:46.260,11,,12404,,2018-02-08T11:20:08.697,2018-02-08T11:20:08.697,0,
71071,2,70871,2017-08-11T22:39:25.167,0,,65215,,2017-08-11T22:39:25.167,,2,
71089,2,58304,2017-08-12T10:58:08.973,31,,71718,,2019-09-27T19:23:17.290,2019-09-27T19:23:17.290,6,
71152,2,71149,2017-08-14T09:07:41.140,1,,42456,,2017-08-14T09:07:41.140,,8,
71177,2,71162,2017-08-14T21:54:04.877,1,,47239,,2017-08-14T21:54:04.877,,0,
71421,2,54143,2017-08-20T01:52:54.950,1,,26189,,2017-08-21T00:20:59.257,2017-08-21T00:20:59.257,0,
71659,2,71594,2017-08-25T00:27:42.840,0,,47239,,2017-08-25T00:27:42.840,,1,
71699,2,71698,2017-08-25T17:20:44.357,1,,19639,,2017-08-25T17:20:44.357,,0,
71779,2,71638,2017-08-27T23:56:57.953,0,,17867,,2017-08-27T23:56:57.953,,0,
71894,2,71347,2017-08-30T12:17:38.453,0,,65955,,2017-08-30T12:17:38.453,,0,
71962,2,71953,2017-08-31T23:55:27.700,0,,47239,,2017-08-31T23:55:27.700,,0,
71966,2,71887,2017-09-01T03:04:40.817,0,,28470,,2017-09-01T03:04:40.817,,3,
72111,2,72103,2017-09-04T20:12:28.280,0,,45831,,2017-09-04T20:56:34.470,2017-09-04T20:56:34.470,4,
72198,2,72171,2017-09-07T00:08:36.040,1,,17867,,2017-09-07T00:08:36.040,,6,
72255,2,72251,2017-09-08T12:32:04.907,0,,71214,,2017-09-08T13:21:18.293,2017-09-08T13:21:18.293,0,
72552,2,72548,2017-09-15T16:40:55.200,2,,24224,,2017-09-15T16:40:55.200,,3,
72926,2,66611,2017-09-25T02:22:05.907,12,,73841,,2019-10-10T09:15:26.270,2019-10-10T09:15:26.270,3,
72951,2,71858,2017-09-25T15:18:49.797,2,,73863,,2017-09-28T21:01:53.060,2017-09-28T21:01:53.060,4,
72986,2,61699,2017-09-26T20:00:43.793,3,,73909,,2019-08-09T00:53:48.737,2019-08-09T00:53:48.737,1,
73017,2,73006,2017-09-27T16:19:21.087,1,,73879,,2017-09-27T16:40:05.090,2017-09-27T16:40:05.090,0,
73146,2,26695,2017-09-29T19:28:03.727,1,,41382,,2017-09-29T19:28:03.727,,0,
73284,2,73275,2017-10-03T11:24:31.853,2,,73879,,2017-10-04T04:59:44.230,2017-10-04T04:59:44.230,9,
73324,2,73321,2017-10-04T04:51:17.763,1,,73879,,2017-10-04T04:51:17.763,,2,
73462,2,46148,2017-10-07T08:41:17.880,2,,74396,,2017-10-07T08:51:13.257,2017-10-07T08:51:13.257,1,
73493,2,73491,2017-10-08T09:51:30.687,0,,73879,,2017-10-08T09:51:30.687,,0,
73495,2,73483,2017-10-08T10:04:17.180,2,,73879,,2017-10-08T10:04:17.180,,0,
73736,2,73710,2017-10-12T21:42:34.310,2,,66344,,2017-10-12T21:56:46.573,2017-10-12T21:56:46.573,1,
73746,2,73732,2017-10-13T07:23:41.270,1,,42456,,2017-10-14T08:56:40.893,2017-10-14T08:56:40.893,2,
73831,2,73822,2017-10-15T08:22:23.010,2,,13650,,2017-10-15T08:22:23.010,,1,
73994,2,73993,2017-10-19T07:14:31.957,1,,42456,,2017-10-19T07:14:31.957,,3,
74047,2,74044,2017-10-20T10:19:41.370,2,,42456,,2017-10-20T11:18:15.203,2020-06-16T10:47:29.480,4,
74422,2,74353,2017-10-28T21:13:30.187,2,,71180,,2017-10-28T21:13:30.187,,1,
74428,2,37920,2017-10-28T23:34:51.747,99,,8697,,2021-11-23T23:26:28.597,2021-11-23T23:26:28.597,17,
74450,2,13936,2017-10-29T14:16:24.940,3,,75477,,2017-10-29T14:16:24.940,,0,
74460,2,65624,2017-10-29T20:03:45.020,-2,,75493,,2017-10-29T20:03:45.020,,0,
74526,2,62669,2017-10-31T04:02:46.020,1,,74822,,2019-07-28T21:26:06.443,2019-07-28T21:26:06.443,0,
74914,2,74913,2017-11-08T07:51:38.403,5,,70731,,2017-11-08T18:28:21.973,2017-11-08T18:28:21.973,3,
74973,2,72022,2017-11-09T11:53:18.147,12,,74960,,2017-11-14T09:08:16.720,2017-11-14T09:08:16.720,6,
75040,2,75039,2017-11-11T01:14:11.627,1,,76067,,2017-11-11T01:19:47.827,2017-11-11T01:19:47.827,1,
75152,2,75120,2017-11-13T17:07:02.323,3,,43814,,2017-11-13T17:07:02.323,,0,
75377,2,75228,2017-11-18T22:34:35.563,4,,26163,,2017-11-18T22:34:35.563,,0,
75425,2,75381,2017-11-20T00:05:02.380,1,,62750,,2017-11-20T00:05:02.380,,1,
75494,2,75364,2017-11-21T13:12:18.583,0,,76426,,2017-11-21T13:12:18.583,,0,
75531,2,67028,2017-11-22T02:29:31.050,1,,76608,,2017-11-23T06:42:06.910,2017-11-23T06:42:06.910,0,
75543,2,75521,2017-11-22T08:40:39.783,5,,58969,,2017-11-23T21:25:39.493,2017-11-23T21:25:39.493,6,
75551,2,67907,2017-11-22T13:14:59.437,4,,75661,,2017-11-22T15:20:04.660,2017-11-22T15:20:04.660,0,
75678,2,75412,2017-11-25T18:39:15.150,1,,54888,,2017-11-25T18:39:15.150,,0,
75688,2,75219,2017-11-26T04:26:42.463,1,,74822,,2019-09-21T22:44:09.383,2019-09-21T22:44:09.383,0,
75814,2,75802,2017-11-28T20:29:49.517,2,,5538,,2017-11-28T20:35:16.740,2017-11-28T20:35:16.740,2,
75884,2,75882,2017-11-30T15:55:32.840,0,,13650,,2017-11-30T15:55:32.840,,3,
75885,2,75882,2017-11-30T15:55:51.290,0,,55740,,2017-11-30T15:55:51.290,,5,
75903,2,75900,2017-11-30T21:35:31.510,0,,13650,,2017-11-30T21:35:31.510,,1,
76096,2,76094,2017-12-05T18:06:10.443,0,,13650,,2017-12-05T18:06:10.443,,3,
76122,2,39845,2017-12-06T08:48:45.660,6,,63359,,2018-08-09T14:57:45.447,2018-08-09T14:57:45.447,8,
76264,2,76188,2017-12-09T14:57:42.050,4,,77558,,2017-12-12T13:48:10.427,2017-12-12T13:48:10.427,4,
76288,2,53408,2017-12-10T06:15:18.287,4,,43610,,2017-12-11T16:18:11.313,2017-12-11T16:18:11.313,4,
76440,2,76426,2017-12-13T20:38:58.403,3,,71180,,2017-12-13T20:38:58.403,,3,
76982,2,76954,2017-12-27T22:57:31.777,1,,8697,,2017-12-27T22:57:31.777,,0,
77117,2,44194,2017-12-31T16:05:22.463,4,,35368,,2020-01-25T20:53:22.317,2020-01-25T20:53:22.317,5,
77190,2,77189,2018-01-02T22:58:25.633,1,,13650,,2018-01-02T22:58:25.633,,0,
77353,2,77290,2018-01-06T19:05:39.880,2,,13650,,2018-01-06T23:21:52.697,2018-01-06T23:21:52.697,8,
77378,2,77376,2018-01-07T11:56:38.557,1,,13650,,2018-01-07T11:56:38.557,,3,
77410,2,77070,2018-01-08T02:56:01.853,4,,74822,,2018-01-08T03:33:04.470,2018-01-08T03:33:04.470,0,
77419,2,77415,2018-01-08T07:32:53.087,1,,34257,,2018-01-09T07:22:44.387,2018-01-09T07:22:44.387,4,
77631,2,77626,2018-01-12T08:56:53.453,1,,13650,,2018-01-12T08:56:53.453,,0,
77826,2,15337,2018-01-16T00:39:48.050,1,,79436,,2018-01-16T16:11:41.213,2018-01-16T16:11:41.213,5,
77911,2,77860,2018-01-17T22:22:17.893,1,,48958,,2018-01-25T17:25:52.450,2018-01-25T17:25:52.450,1,
77992,2,77875,2018-01-19T11:21:53.597,0,,64334,,2018-01-19T11:28:06.177,2018-01-19T11:28:06.177,0,
78140,2,77459,2018-01-22T10:29:07.857,1,,75092,,2018-01-22T10:29:07.857,,0,
78144,2,78136,2018-01-22T12:24:33.280,0,,13650,,2018-01-22T12:24:33.280,,0,
78192,2,74492,2018-01-23T05:32:25.560,0,,79834,,2018-01-23T12:01:57.947,2018-01-23T12:01:57.947,0,
78348,2,78346,2018-01-26T02:15:18.743,1,,73672,,2018-01-26T20:15:55.580,2018-01-26T20:15:55.580,0,
78365,2,78351,2018-01-26T15:03:26.957,2,,58316,,2018-01-26T19:48:30.270,2018-01-26T19:48:30.270,8,
78378,2,13299,2018-01-26T22:22:59.503,-1,,48958,,2018-01-26T22:46:40.913,2018-01-26T22:46:40.913,1,
78413,2,78411,2018-01-27T20:08:09.280,8,,46241,,2018-06-18T18:36:57.440,2018-06-18T18:36:57.440,4,
78555,2,73749,2018-01-30T02:52:25.457,4,,80198,,2018-01-30T02:52:25.457,,1,
78623,2,67364,2018-01-31T06:32:51.537,2,,80255,,2018-01-31T06:32:51.537,,1,
78659,2,7159,2018-01-31T22:21:37.927,3,,79866,,2018-07-13T08:11:21.957,2018-07-13T08:11:21.957,2,
78735,2,78726,2018-02-02T16:23:34.677,0,,61400,,2018-02-02T16:23:34.677,,1,
78797,2,78751,2018-02-04T13:04:36.303,6,,58715,,2018-02-04T13:22:42.503,2018-02-04T13:22:42.503,1,
78802,2,39928,2018-02-04T14:25:53.607,4,,80459,,2018-02-04T14:25:53.607,,0,
78957,2,78955,2018-02-07T17:19:11.800,2,,79866,,2018-02-07T17:19:11.800,,0,
79093,2,67997,2018-02-11T15:51:23.007,1,,72967,,2019-12-23T04:05:01.713,2019-12-23T04:05:01.713,0,
79128,2,79127,2018-02-12T14:11:12.503,3,,13650,,2018-02-12T14:11:12.503,,6,
79213,2,79186,2018-02-14T06:21:37.563,1,,47239,,2018-02-14T06:21:37.563,,0,
79258,2,79251,2018-02-15T09:58:34.647,1,,77765,,2018-02-15T09:58:34.647,,0,
79394,2,73609,2018-02-17T19:33:58.390,1,,79684,,2018-02-17T19:33:58.390,,1,
79612,2,79598,2018-02-23T09:12:52.180,2,,81352,,2018-05-22T09:16:04.363,2018-05-22T09:16:04.363,1,
80003,2,67448,2018-03-06T16:53:21.613,2,,81939,,2018-03-06T16:53:21.613,,0,
80054,2,80052,2018-03-07T21:14:43.840,1,,82005,,2018-03-07T23:08:23.040,2018-03-07T23:08:23.040,2,
80228,2,80169,2018-03-12T07:38:53.350,1,,37514,,2018-03-12T07:38:53.350,,0,
81492,2,81465,2018-03-18T10:23:59.023,1,,54793,,2018-03-18T10:29:24.420,2018-03-18T10:29:24.420,0,
81496,2,81470,2018-03-18T11:12:53.937,0,,82473,,2018-03-18T11:12:53.937,,0,
81747,2,81715,2018-03-23T22:45:41.677,2,,81344,,2020-03-03T22:49:28.327,2020-03-03T22:49:28.327,1,
81793,2,33955,2018-03-25T08:50:21.400,3,,26163,,2018-03-25T08:50:21.400,,2,
81800,2,81687,2018-03-25T11:34:44.223,2,,66952,,2018-03-25T11:40:28.310,2018-03-25T11:40:28.310,0,
81830,2,81811,2018-03-26T02:32:50.787,1,,75152,,2018-03-26T02:32:50.787,,1,
81885,2,81876,2018-03-27T01:23:03.023,9,,79866,,2019-09-30T17:32:54.137,2019-09-30T17:32:54.137,3,
81897,2,81691,2018-03-27T11:01:29.003,0,,83532,,2018-03-27T11:01:29.003,,0,
82475,2,57161,2018-04-08T13:00:58.640,1,,56449,,2018-04-08T13:00:58.640,,0,
82654,2,75193,2018-04-11T13:00:39.373,5,,84930,,2018-04-12T09:17:46.603,2018-04-12T09:17:46.603,0,
83103,2,5181,2018-04-21T05:23:17.783,3,,85401,,2018-04-21T11:08:29.480,2018-04-21T11:08:29.480,1,
83442,2,83405,2018-04-30T11:19:16.823,0,,69698,,2018-06-17T07:23:01.650,2018-06-17T07:23:01.650,1,
83493,2,83004,2018-05-01T23:37:56.750,0,,85833,,2018-05-01T23:37:56.750,,1,
83653,2,83583,2018-05-06T18:10:17.683,1,,17798,,2018-05-06T18:10:17.683,,2,
83693,2,83687,2018-05-07T18:23:35.460,1,,78211,,2018-05-08T14:15:13.593,2018-05-08T14:15:13.593,6,
83768,2,83659,2018-05-10T01:33:09.563,3,,79866,,2018-05-10T08:28:13.957,2018-05-10T08:28:13.957,3,
83835,2,66540,2018-05-12T05:02:00.163,1,,86240,,2018-07-01T13:27:46.593,2018-07-01T13:27:46.593,1,
84005,2,84003,2018-05-17T10:52:21.843,1,,85200,,2018-05-17T10:52:21.843,,2,
84037,2,84031,2018-05-18T10:46:43.953,0,,79866,,2018-05-18T11:09:18.370,2018-05-18T11:09:18.370,1,
84082,2,82288,2018-05-19T14:01:35.087,0,,84548,,2018-05-19T14:01:35.087,,0,
84155,2,84119,2018-05-21T15:40:53.430,0,,79866,,2018-05-21T15:40:53.430,,0,
84216,2,510,2018-05-23T13:03:59.467,4,,86721,,2018-05-23T13:03:59.467,,1,
84314,2,84276,2018-05-26T03:59:53.303,2,,85144,,2018-05-29T05:30:36.580,2018-05-29T05:30:36.580,1,
84514,2,84507,2018-05-31T15:12:43.907,1,,71214,,2018-05-31T15:12:43.907,,1,
84720,2,84719,2018-06-06T12:25:26.077,2,,5538,,2018-06-06T14:44:53.167,2020-06-16T10:47:29.480,3,
84722,2,84710,2018-06-06T13:20:19.920,0,,87217,,2018-06-06T13:20:19.920,,9,
84723,2,5033,2018-06-06T13:52:40.787,7,,86634,,2018-06-06T17:13:30.260,2018-06-06T17:13:30.260,1,
84779,2,84776,2018-06-08T09:01:17.933,4,,80556,,2018-06-10T09:52:09.780,2018-06-10T09:52:09.780,13,
84806,2,84797,2018-06-09T09:32:25.793,4,,77745,,2018-06-09T09:42:56.833,2018-06-09T09:42:56.833,2,
84865,2,84855,2018-06-11T10:39:42.493,1,,58715,,2018-06-11T11:36:33.460,2018-06-11T11:36:33.460,6,
84869,2,77803,2018-06-11T12:37:24.047,2,,79420,,2018-06-11T12:37:24.047,,0,
85016,2,85015,2018-06-15T00:08:46.340,14,,8697,,2021-03-05T23:17:09.350,2021-03-05T23:17:09.350,1,
85049,2,85039,2018-06-15T23:51:42.343,1,,78211,,2018-06-15T23:51:42.343,,0,
85142,2,85138,2018-06-19T10:28:24.157,0,,70731,,2018-06-19T10:28:24.157,,1,
85204,2,85096,2018-06-21T04:33:14.083,1,,71063,,2018-06-21T04:33:14.083,,0,
85275,2,44573,2018-06-23T09:44:33.940,2,,68500,,2018-06-23T09:44:33.940,,0,
85368,2,82796,2018-06-26T15:15:03.943,0,,87927,,2018-06-29T10:27:05.927,2018-06-29T10:27:05.927,3,
85410,2,85408,2018-06-27T23:47:19.463,2,,79866,,2018-06-28T09:11:18.950,2018-06-28T09:11:18.950,3,
85417,2,85415,2018-06-28T06:29:14.167,2,,8697,,2018-06-28T06:29:14.167,,2,
85510,2,85489,2018-07-01T13:11:55.077,2,,84747,,2018-07-01T13:11:55.077,,0,
85684,2,85621,2018-07-06T01:55:32.983,2,,79866,,2019-02-10T00:49:00.373,2019-02-10T00:49:00.373,0,
85733,2,1179,2018-07-07T10:27:20.610,3,,88299,,2018-07-07T11:01:25.867,2018-07-07T11:01:25.867,0,
85734,2,85678,2018-07-07T11:58:08.180,1,,54793,,2018-07-07T11:58:08.180,,0,
85850,2,85845,2018-07-10T17:33:38.880,0,,33810,,2018-07-10T17:33:38.880,,0,
85952,2,85933,2018-07-12T19:49:51.643,1,,88496,,2018-07-12T19:49:51.643,,3,
86003,2,85515,2018-07-13T22:35:44.467,0,,13441,,2018-07-13T22:35:44.467,,0,
87041,2,87039,2018-07-15T09:19:15.073,2,,79267,,2018-07-15T09:19:15.073,,0,
87219,2,87203,2018-07-20T11:05:55.390,0,,89749,,2018-07-20T11:12:10.703,2018-07-20T11:12:10.703,0,
87318,2,87297,2018-07-24T01:38:02.457,2,,50357,,2018-07-24T01:38:02.457,,0,
87433,2,87410,2018-07-27T00:37:34.250,1,,26774,,2018-07-27T00:37:34.250,,0,
87637,2,87601,2018-08-01T20:40:54.820,0,,90194,,2018-08-01T20:40:54.820,,1,
87638,2,87601,2018-08-01T20:44:23.653,0,,64792,,2018-08-01T20:44:23.653,,0,
87865,2,87846,2018-08-08T09:20:52.557,10,,58316,,2018-08-08T09:20:52.557,,1,
87887,2,36869,2018-08-08T19:52:32.087,0,,59284,,2018-08-08T20:00:24.423,2018-08-08T20:00:24.423,0,
87965,2,87959,2018-08-10T23:40:35.143,1,,69725,,2018-08-11T07:37:55.360,2018-08-11T07:37:55.360,0,
88110,2,88107,2018-08-14T22:28:59.123,2,,42282,,2018-08-14T23:52:55.400,2018-08-14T23:52:55.400,0,
88118,2,88105,2018-08-15T00:47:08.807,1,,75661,,2018-08-15T00:47:08.807,,0,
88188,2,88173,2018-08-16T16:55:25.353,2,,90592,,2018-08-21T17:51:57.593,2018-08-21T17:51:57.593,0,
88234,2,88214,2018-08-17T21:49:25.900,42,,79866,,2020-11-20T21:01:03.383,2020-11-20T21:01:03.383,19,
88297,2,69866,2018-08-20T05:17:20.997,9,,90885,,2018-08-20T05:17:20.997,,0,
88364,2,45903,2018-08-22T08:21:27.247,2,,90963,,2018-08-22T09:05:22.543,2018-08-22T09:05:22.543,0,
88471,2,88469,2018-08-25T05:00:10.653,2,,71180,,2018-08-25T05:18:45.280,2018-08-25T05:18:45.280,12,
88830,2,40460,2018-09-05T10:48:24.283,1,,26774,,2018-09-05T10:48:24.283,,0,
88866,2,88849,2018-09-06T11:19:09.237,1,,,user83779,2018-09-06T11:19:09.237,,6,
88955,2,88954,2018-09-10T13:54:28.030,27,,79866,,2020-08-20T23:45:20.583,2020-08-20T23:45:20.583,27,
89011,2,89010,2018-09-12T18:04:11.887,1,,19949,,2018-09-12T18:04:11.887,,1,
89078,2,89063,2018-09-15T06:35:11.747,1,,37057,,2018-09-16T10:30:31.053,2018-09-16T10:30:31.053,6,
89079,2,89072,2018-09-15T07:56:27.353,2,,13650,,2018-09-15T07:56:27.353,,2,
89109,2,89106,2018-09-16T01:19:28.297,1,,54793,,2018-09-16T02:13:19.300,2018-09-16T02:13:19.300,9,
89169,2,76102,2018-09-17T21:54:37.480,1,,91903,,2018-09-17T21:54:37.480,,0,
89185,2,89113,2018-09-18T13:40:50.150,0,,5538,,2018-09-18T13:40:50.150,,1,
89266,2,89233,2018-09-20T22:17:21.650,1,,79866,,2018-09-21T09:03:42.520,2018-09-21T09:03:42.520,2,
89379,2,89354,2018-09-25T20:24:28.370,0,,75152,,2018-09-25T20:24:28.370,,0,
89572,2,89559,2018-10-02T19:06:52.910,2,,79866,,2019-01-20T21:55:21.393,2019-01-20T21:55:21.393,0,
89585,2,8544,2018-10-03T05:48:13.117,1,,44943,,2018-10-03T07:06:25.580,2018-10-03T07:06:25.580,0,
89677,2,89670,2018-10-05T11:57:08.810,1,,92491,,2018-10-05T11:57:08.810,,0,
89856,2,89849,2018-10-11T07:59:44.007,2,,13650,,2018-10-11T07:59:44.007,,0,
89867,2,89865,2018-10-11T17:12:05.840,6,,92485,,2018-10-11T17:12:05.840,,0,
90021,2,74723,2018-10-16T16:13:51.320,1,,19949,,2018-10-16T16:13:51.320,,0,
90039,2,90034,2018-10-16T22:36:30.717,1,,91495,,2018-10-17T06:26:11.463,2018-10-17T06:26:11.463,0,
90098,2,90097,2018-10-18T21:01:38.400,1,,64799,,2018-10-18T21:01:38.400,,0,
90104,2,89762,2018-10-18T22:39:58.240,2,,47239,,2018-10-18T22:39:58.240,,0,
90268,2,90267,2018-10-25T00:42:42.713,4,,12404,,2018-10-25T00:42:42.713,,2,
90454,2,90423,2018-10-30T13:43:03.110,1,,79866,,2018-10-30T13:43:03.110,,0,
90512,2,59717,2018-11-01T07:09:21.750,0,,93512,,2018-11-01T07:09:21.750,,0,
90588,2,89881,2018-11-04T01:54:57.440,1,,67097,,2018-11-04T02:03:44.467,2018-11-04T02:03:44.467,0,
90781,2,90779,2018-11-10T11:34:48.413,1,,75701,,2018-11-10T11:50:29.497,2018-11-10T11:50:29.497,1,
90886,2,89301,2018-11-13T17:39:48.897,1,,64761,,2018-11-21T01:22:40.547,2018-11-21T01:22:40.547,0,
90933,2,90932,2018-11-14T21:20:15.587,2,,79866,,2018-11-14T21:45:10.753,2018-11-14T21:45:10.753,3,
90983,2,43750,2018-11-16T11:06:45.347,2,,94063,,2018-11-16T11:06:45.347,,1,
91423,2,91410,2018-11-30T13:29:39.377,1,,13650,,2018-11-30T18:59:28.633,2018-11-30T18:59:28.633,2,
91433,2,60593,2018-11-30T19:30:47.520,49,,94616,,2021-04-05T14:31:47.580,2021-04-05T14:31:47.580,10,
91438,2,76109,2018-11-30T22:40:05.540,14,,68018,,2018-12-23T06:44:04.623,2020-06-16T10:47:29.480,3,
91446,2,91444,2018-12-01T09:39:01.140,3,,70731,,2018-12-01T10:06:47.017,2018-12-01T10:06:47.017,1,
92121,2,92118,2018-12-20T17:18:07.760,1,,13650,,2018-12-20T17:18:07.760,,3,
92125,2,92116,2018-12-20T18:25:05.510,2,,79866,,2019-09-30T09:11:08.630,2019-09-30T09:11:08.630,0,
92215,2,38432,2018-12-24T08:03:07.583,1,,96377,,2018-12-24T08:17:58.537,2018-12-24T08:17:58.537,0,
92342,2,92196,2018-12-28T13:34:01.810,2,,54888,,2018-12-28T13:34:01.810,,0,
92355,2,37605,2018-12-28T18:05:18.130,0,,42330,,2018-12-28T18:05:18.130,,0,
92470,2,68325,2018-12-31T13:33:02.410,1,,96816,,2019-01-09T00:47:08.747,2019-01-09T00:47:08.747,0,
92622,2,92621,2019-01-04T04:25:31.297,1,,8697,,2019-01-04T04:44:37.970,2019-01-04T04:44:37.970,0,
92623,2,92618,2019-01-04T04:53:40.413,0,,80508,,2019-01-04T16:18:01.930,2019-01-04T16:18:01.930,1,
92747,2,92736,2019-01-07T02:36:07.077,20,,79866,,2019-01-07T11:10:31.377,2019-01-07T11:10:31.377,3,
92797,2,89301,2019-01-08T03:27:21.293,1,,8697,,2021-03-13T04:03:48.763,2021-03-13T04:03:48.763,0,
93213,2,93122,2019-01-18T15:04:24.257,1,,97586,,2019-01-18T15:04:24.257,,0,
93320,2,92926,2019-01-21T07:02:09.117,2,,10040,,2019-01-21T07:02:09.117,,1,
93388,2,93336,2019-01-22T16:56:00.253,2,,97803,,2019-01-22T16:56:00.253,,0,
93532,2,63193,2019-01-25T22:18:08.393,1,,15108,,2019-01-25T22:18:08.393,,0,
93809,2,93737,2019-02-03T16:13:37.347,0,,64792,,2019-02-04T18:22:49.337,2019-02-04T18:22:49.337,2,
94014,2,94005,2019-02-08T22:44:31.847,2,,79866,,2019-07-10T13:01:01.267,2019-07-10T13:01:01.267,2,
94164,2,93005,2019-02-12T19:33:29.303,1,,92349,,2019-02-12T19:33:29.303,,0,
94165,2,84110,2019-02-12T19:45:49.880,1,,92349,,2019-02-12T19:45:49.880,,0,
94276,2,94273,2019-02-15T20:19:28.890,1,,97076,,2019-02-15T20:19:28.890,,0,
94345,2,7683,2019-02-18T17:50:44.827,0,,99020,,2019-02-18T17:50:44.827,,3,
94414,2,94392,2019-02-20T12:50:07.153,1,,33530,,2019-02-20T12:50:07.153,,0,
94484,2,89826,2019-02-21T21:35:35.670,1,,79866,,2019-02-21T21:35:35.670,,0,
94693,2,94667,2019-02-26T17:47:27.513,1,,79866,,2019-02-26T17:58:57.103,2019-02-26T17:58:57.103,0,
94979,2,84949,2019-03-05T22:06:41.603,1,,2895,,2019-03-05T22:06:41.603,,0,
94999,2,85061,2019-03-06T14:38:39.650,0,,77335,,2019-03-06T14:38:39.650,,0,
95013,2,95010,2019-03-06T18:30:57.287,1,,99241,,2019-03-06T18:30:57.287,,0,
95162,2,95122,2019-03-10T02:47:21.653,0,,99888,,2020-10-01T11:56:29.687,2020-10-01T11:56:29.687,1,
95170,2,83514,2019-03-10T13:15:21.043,0,,99948,,2019-03-14T22:05:19.363,2019-03-14T22:05:19.363,1,
95266,2,95236,2019-03-12T22:01:39.023,4,,99124,,2019-03-12T23:46:26.253,2019-03-12T23:46:26.253,5,
95480,2,95470,2019-03-17T18:15:06.857,1,,93934,,2019-03-17T18:33:05.417,2019-03-17T18:33:05.417,0,
95654,2,83110,2019-03-22T08:28:28.877,2,,6793,,2019-03-22T08:28:28.877,,1,
95814,2,95806,2019-03-26T11:15:01.463,0,,33057,,2019-03-27T08:11:10.570,2019-03-27T08:11:10.570,4,
96169,2,95953,2019-04-05T11:23:24.393,0,,97870,,2019-04-05T11:23:24.393,,1,
96174,2,55026,2019-04-05T18:43:24.927,1,,101074,,2019-04-05T20:19:43.917,2019-04-05T20:19:43.917,1,
96314,2,95292,2019-04-09T12:51:36.910,10,,101223,,2019-04-09T19:35:24.367,2019-04-09T19:35:24.367,0,
96409,2,96408,2019-04-12T03:20:40.470,0,,85144,,2019-04-12T03:20:40.470,,1,
96428,2,96423,2019-04-12T12:19:09.157,2,,85144,,2019-04-12T14:20:00.953,2019-04-12T14:20:00.953,2,
96609,2,96592,2019-04-16T23:40:28.413,1,,79866,,2019-04-16T23:40:28.413,,3,
96660,2,96653,2019-04-18T08:41:36.680,2,,26774,,2019-04-18T08:41:36.680,2020-06-16T10:47:29.480,2,
96726,2,96716,2019-04-20T05:47:03.333,1,,85144,,2019-04-22T03:14:07.500,2019-04-22T03:14:07.500,5,
97889,2,92755,2019-04-24T21:16:41.123,0,,101682,,2019-04-24T23:09:29.767,2019-04-24T23:09:29.767,1,
97920,2,96677,2019-04-25T14:29:06.363,2,,79866,,2019-05-03T12:46:01.950,2019-05-03T12:46:01.950,3,
98063,2,78455,2019-04-30T09:19:22.733,1,,15108,,2019-04-30T09:19:22.733,,0,
98092,2,98090,2019-04-30T22:45:41.203,6,,54793,,2019-04-30T23:05:31.463,2019-04-30T23:05:31.463,0,
98113,2,97961,2019-05-01T22:35:41.717,6,,79866,,2019-08-06T21:49:14.567,2019-08-06T21:49:14.567,17,
98151,2,98142,2019-05-02T17:46:36.510,1,,96931,,2019-05-02T17:46:36.510,,3,
98490,2,98486,2019-05-12T11:51:35.320,5,,79866,,2019-05-12T11:51:35.320,,0,
98498,2,98255,2019-05-12T15:45:17.603,0,,103320,,2019-05-12T15:45:17.603,,3,
98854,2,98847,2019-05-22T10:50:35.430,2,,103638,,2019-05-22T11:26:58.430,2019-05-22T11:26:58.430,1,
98906,2,82686,2019-05-23T21:36:04.657,4,,102884,,2019-05-23T21:36:04.657,,0,
98975,2,56443,2019-05-25T15:18:02.037,2,,103638,,2019-05-25T15:18:02.037,,7,
99016,2,99011,2019-05-27T01:33:13.653,1,,85144,,2019-05-27T01:45:11.190,2019-05-27T01:45:11.190,4,
99037,2,6974,2019-05-28T06:23:13.853,1,,8697,,2019-05-28T06:23:13.853,,1,
99180,2,99138,2019-06-02T10:37:53.450,3,,76147,,2019-06-02T11:55:42.860,2019-06-02T11:55:42.860,3,
99332,2,99331,2019-06-07T08:17:16.040,1,,87608,,2019-06-07T08:17:16.040,,0,
99381,2,96653,2019-06-08T08:27:42.580,3,,98599,,2019-06-08T09:12:54.973,2019-06-08T09:12:54.973,2,
99626,2,7446,2019-06-15T07:11:36.010,3,,11220,,2019-06-15T08:13:32.940,2019-06-15T08:13:32.940,0,
99648,2,99500,2019-06-16T01:26:32.623,2,,104714,,2019-06-26T12:48:47.177,2019-06-26T12:48:47.177,0,
99828,2,99778,2019-06-22T09:43:40.787,2,,103638,,2019-08-26T23:43:56.123,2019-08-26T23:43:56.123,1,
100080,2,100076,2019-06-28T15:26:03.267,4,,13650,,2019-06-28T16:34:16.047,2019-06-28T16:34:16.047,3,
100161,2,100156,2019-07-01T01:01:21.803,1,,85144,,2019-07-01T08:54:00.120,2019-07-01T08:54:00.120,0,
100165,2,100163,2019-07-01T06:59:50.697,-1,,71712,,2019-07-01T06:59:50.697,,1,
100191,2,100183,2019-07-01T20:20:35.907,1,,14813,,2019-07-01T20:20:35.907,,4,
100196,2,100195,2019-07-01T21:53:46.610,8,,92303,,2020-07-08T21:35:55.833,2020-07-08T21:35:55.833,24,
100209,2,41757,2019-07-02T10:08:44.027,1,,90969,,2019-07-02T10:08:44.027,,0,
100244,2,100203,2019-07-03T09:34:44.463,0,,85144,,2020-12-15T05:06:42.973,2020-12-15T05:06:42.973,10,
100329,2,100232,2019-07-05T06:11:35.673,1,,105587,,2019-07-05T06:11:35.673,,5,
100382,2,100134,2019-07-07T07:16:13.803,1,,32698,,2019-07-07T07:33:56.500,2019-07-07T07:33:56.500,1,
100464,2,74987,2019-07-09T13:45:23.323,2,,105750,,2019-07-09T13:45:23.323,,0,
100493,2,100491,2019-07-10T09:16:19.503,2,,105787,,2019-07-10T09:26:47.777,2019-07-10T09:26:47.777,1,
100544,2,100519,2019-07-11T17:40:10.297,1,,105808,,2019-07-11T17:40:10.297,,0,
100630,2,83966,2019-07-13T15:06:16.607,0,,54727,,2019-07-13T15:06:16.607,,2,
100671,2,31739,2019-07-15T08:08:21.597,3,,105958,,2019-07-15T08:08:21.597,,0,
100703,2,100702,2019-07-16T03:46:43.817,1,,105992,,2019-07-16T03:46:43.817,,0,
100770,2,100732,2019-07-17T15:45:59.640,1,,103638,,2019-07-17T18:53:42.550,2020-06-16T10:47:29.480,1,
100776,2,4356,2019-07-17T19:55:52.143,2,,97094,,2019-07-17T19:55:52.143,,1,
100940,2,100076,2019-07-22T09:17:57.163,3,,50177,,2019-07-22T09:17:57.163,,2,
101097,2,101095,2019-07-27T07:50:35.760,2,,8697,,2019-07-27T08:06:08.187,2019-07-27T08:06:08.187,4,
101105,2,100365,2019-07-27T15:48:48.230,1,,105635,,2019-07-27T15:48:48.230,,0,
101700,2,101699,2019-08-17T16:32:51.267,0,,13650,,2019-08-17T16:32:51.267,,1,
102000,2,101964,2019-08-28T20:02:09.187,0,,79866,,2019-08-28T20:02:09.187,,4,
102051,2,102042,2019-08-30T18:13:21.713,5,,64792,,2019-09-02T17:29:31.767,2019-09-02T17:29:31.767,2,
102126,2,102123,2019-09-01T22:55:35.580,0,,79866,,2019-09-02T11:25:14.120,2019-09-02T11:25:14.120,7,
102261,2,99370,2019-09-05T21:11:47.330,3,,75022,,2019-09-05T21:11:47.330,,0,
102266,2,27,2019-09-05T21:39:14.417,1,,107798,,2019-09-05T21:39:14.417,,0,
102304,2,98870,2019-09-06T19:56:13.603,1,,107826,,2019-09-06T19:56:13.603,,0,
102431,2,102427,2019-09-10T18:33:14.097,1,,5538,,2019-09-10T19:10:04.800,2019-09-10T19:10:04.800,3,
103465,2,103452,2019-09-11T12:14:48.813,3,,85144,,2020-05-25T03:14:03.817,2020-05-25T03:14:03.817,8,
103761,2,103745,2019-09-20T07:06:16.883,0,,85144,,2019-09-20T08:46:10.627,2019-09-20T08:46:10.627,0,
103858,2,15454,2019-09-22T19:36:33.140,1,,109373,,2019-10-01T20:12:31.567,2019-10-01T20:12:31.567,0,
103899,2,103892,2019-09-23T19:12:02.143,17,,79866,,2020-09-24T09:26:21.190,2020-09-24T09:26:21.190,4,
103976,2,102394,2019-09-25T21:30:59.503,2,,79866,,2019-09-26T09:45:26.177,2019-09-26T09:45:26.177,0,
104062,2,103860,2019-09-28T03:42:37.757,1,,104583,,2019-09-28T03:42:37.757,,0,
104124,2,104121,2019-09-30T15:08:39.257,0,,13650,,2019-09-30T15:08:39.257,,2,
104264,2,100964,2019-10-04T18:37:34.463,5,,109795,,2019-10-04T18:37:34.463,,3,
104271,2,96210,2019-10-04T21:38:38.403,0,,109497,,2019-10-07T16:30:23.820,2019-10-07T16:30:23.820,0,
104315,2,104304,2019-10-06T15:20:41.577,1,,109855,,2019-10-06T16:22:51.470,2019-10-06T16:22:51.470,0,
104468,2,104464,2019-10-10T22:44:36.357,4,,8697,,2020-11-29T07:32:34.383,2020-11-29T07:32:34.383,1,
104548,2,104544,2019-10-13T02:00:07.917,-2,,85144,,2019-10-14T01:23:11.207,2019-10-14T01:23:11.207,0,
104574,2,104551,2019-10-13T21:03:50.797,0,,110083,,2019-10-13T21:14:46.467,2019-10-13T21:14:46.467,0,
104712,2,104697,2019-10-18T09:27:11.970,3,,33476,,2019-10-18T13:58:46.397,2019-10-18T13:58:46.397,3,
104769,2,104755,2019-10-20T01:01:50.407,1,,85144,,2019-11-07T01:01:24.963,2019-11-07T01:01:24.963,1,
104911,2,104877,2019-10-24T12:02:09.357,1,,57015,,2019-10-24T12:16:58.373,2019-10-24T12:16:58.373,2,
104996,2,96205,2019-10-27T03:29:09.963,0,,110566,,2019-10-27T03:29:09.963,,0,
105045,2,104989,2019-10-28T18:18:10.173,6,,79658,,2019-12-12T19:50:30.657,2019-12-12T19:50:30.657,1,
105092,2,105086,2019-10-30T11:13:37.903,4,,13650,,2019-10-30T11:13:37.903,,5,
105111,2,105108,2019-10-30T17:44:16.443,1,,13650,,2019-10-30T17:46:08.740,2019-10-30T17:46:08.740,2,
105137,2,99138,2019-10-31T16:25:01.770,2,,93934,,2019-10-31T16:25:01.770,,0,
105762,2,105757,2019-11-25T14:31:48.817,1,,94397,,2019-11-25T14:31:48.817,,3,
105821,2,105817,2019-11-27T01:59:53.827,1,,71180,,2019-11-27T01:59:53.827,,1,
106097,2,105766,2019-12-06T22:49:06.660,1,,110551,,2019-12-06T22:49:06.660,,1,
106148,2,79598,2019-12-08T22:10:58.170,0,,112039,,2019-12-08T22:39:04.420,2019-12-08T22:39:04.420,1,
106304,2,104416,2019-12-14T10:29:47.090,0,,106274,,2019-12-14T10:29:47.090,,0,
106370,2,106363,2019-12-17T18:49:36.360,0,,5538,,2019-12-17T18:49:36.360,,0,
106462,2,106451,2019-12-20T23:38:18.350,2,,8697,,2019-12-20T23:38:18.350,,0,
106515,2,106488,2019-12-22T22:08:38.593,1,,109832,,2019-12-22T22:08:38.593,,2,
106590,2,106566,2019-12-25T23:19:50.097,4,,79866,,2019-12-25T23:19:50.097,,1,
106601,2,106585,2019-12-26T08:12:27.520,0,,112605,,2019-12-26T08:12:27.520,,0,
106666,2,93883,2019-12-28T11:38:03.673,1,,112713,,2020-01-02T14:52:32.213,2020-01-02T14:52:32.213,0,
106719,2,106712,2019-12-29T20:06:47.763,0,,13650,,2019-12-29T20:06:47.763,,2,
106737,2,104312,2019-12-30T08:47:15.510,1,,111105,,2021-06-21T18:15:04.067,2021-06-21T18:15:04.067,0,
106902,2,106898,2020-01-04T07:25:34.507,2,,103638,,2020-01-04T08:04:06.383,2020-01-04T08:04:06.383,2,
106995,2,106557,2020-01-06T18:49:24.657,0,,112565,,2020-01-06T19:44:25.597,2020-01-06T19:44:25.597,0,
107025,2,107010,2020-01-07T10:51:52.697,5,,103638,,2020-01-08T13:38:02.597,2020-01-08T13:38:02.597,10,
107039,2,107034,2020-01-07T14:59:48.123,1,,103638,,2020-01-07T16:45:33.750,2020-01-07T16:45:33.750,6,
107334,2,107321,2020-01-15T13:58:32.833,0,,113489,,2020-01-15T13:58:32.833,,1,
107346,2,107338,2020-01-15T19:51:22.290,2,,79866,,2020-01-15T19:51:22.290,,2,
107408,2,107357,2020-01-17T08:25:49.523,2,,113544,,2020-01-17T08:25:49.523,,1,
107455,2,106942,2020-01-18T19:34:18.283,3,,79866,,2020-01-18T22:55:57.353,2020-01-18T22:55:57.353,3,
107492,2,107188,2020-01-20T02:04:42.073,1,,79866,,2020-01-31T14:12:19.970,2020-01-31T14:12:19.970,3,
107565,2,107434,2020-01-22T00:01:08.967,1,,113628,,2020-01-23T22:21:44.940,2020-01-23T22:21:44.940,2,
107573,2,107495,2020-01-22T05:58:04.257,0,,69273,,2020-01-22T05:58:04.257,,1,
107627,2,107558,2020-01-23T14:49:49.517,3,,33476,,2020-01-23T14:55:48.377,2020-01-23T14:55:48.377,2,
107732,2,107714,2020-01-26T20:08:50.133,0,,113909,,2020-01-26T20:31:46.963,2020-01-26T20:31:46.963,0,
107780,2,45570,2020-01-28T00:19:23.847,8,,8697,,2021-10-07T01:25:09.343,2021-10-07T01:25:09.343,0,
107786,2,107778,2020-01-28T06:05:18.580,5,,85144,,2020-02-01T08:02:34.840,2020-02-01T08:02:34.840,3,
107861,2,107858,2020-01-30T11:53:26.443,5,,79866,,2020-03-08T09:07:23.807,2020-03-08T09:07:23.807,3,
107992,2,93789,2020-02-02T16:13:01.457,1,,114214,,2020-02-02T16:13:01.457,,0,
108091,2,100637,2020-02-06T03:00:29.427,0,,53115,,2020-02-06T03:00:29.427,2020-06-16T10:47:29.480,1,
108265,2,108251,2020-02-11T11:40:56.747,4,,79866,,2020-02-11T11:40:56.747,,0,
108305,2,107076,2020-02-12T10:03:23.043,1,,79866,,2020-02-12T10:03:23.043,,0,
108503,2,108487,2020-02-18T07:26:37.077,1,,44221,,2020-02-18T07:26:37.077,,6,
108637,2,108636,2020-02-22T14:39:25.123,4,,106147,,2021-06-15T10:11:37.140,2021-06-15T10:11:37.140,0,
108851,2,108837,2020-02-29T09:44:25.083,5,,115401,,2020-02-29T09:44:25.083,,0,
108954,2,108953,2020-03-02T20:49:05.037,3,,13650,,2020-03-05T01:02:58.527,2020-03-05T01:02:58.527,2,
109134,2,109100,2020-03-08T18:07:04.820,0,,115106,,2020-03-08T18:07:04.820,,0,
109196,2,109110,2020-03-10T10:52:05.590,2,,79866,,2020-03-10T10:59:38.410,2020-03-10T10:59:38.410,0,
109427,2,109425,2020-03-18T18:58:08.657,4,,107831,,2020-03-18T18:58:08.657,,3,
109512,2,109478,2020-03-21T06:27:55.330,2,,8697,,2020-03-21T06:27:55.330,,2,
109672,2,109660,2020-03-25T13:30:49.397,2,,79866,,2020-03-25T13:30:49.397,,2,
109715,2,103984,2020-03-26T17:22:55.503,0,,116452,,2020-03-26T17:22:55.503,,0,
110791,2,109773,2020-03-29T06:25:38.657,5,,85144,,2020-04-28T09:36:56.680,2020-04-28T09:36:56.680,2,
110821,2,110820,2020-03-29T23:30:19.223,2,,81450,,2020-03-29T23:30:19.223,,1,
110822,2,110799,2020-03-29T23:53:04.677,1,,,user115418,2020-03-29T23:53:04.677,,0,
110923,2,110910,2020-04-01T14:14:31.407,-1,,101680,,2020-04-01T14:14:31.407,,4,
110971,2,110957,2020-04-03T08:33:39.360,3,,117783,,2020-04-03T08:42:17.590,2020-04-03T08:42:17.590,1,
110987,2,110861,2020-04-03T15:14:49.847,0,,9749,,2020-04-03T15:14:49.847,,0,
111054,2,111053,2020-04-06T00:05:26.180,1,,,user115418,2020-04-06T00:05:26.180,,3,
111232,2,111226,2020-04-11T14:36:10.910,2,,,user115418,2020-04-11T14:36:10.910,,3,
111244,2,111235,2020-04-11T19:51:46.433,2,,79866,,2020-04-11T19:51:46.433,,2,
111360,2,24118,2020-04-14T17:44:12.333,2,,61089,,2020-04-15T19:47:05.857,2020-04-15T19:47:05.857,5,
111590,2,111539,2020-04-21T10:56:49.950,1,,118518,,2020-04-21T10:56:49.950,,0,
111650,2,111644,2020-04-22T20:18:50.920,1,,,user115418,2020-04-22T20:18:50.920,,3,
111681,2,111680,2020-04-23T22:03:18.303,2,,113663,,2020-04-23T22:03:18.303,,1,
111719,2,101718,2020-04-25T04:56:09.483,4,,83927,,2020-04-30T05:41:21.983,2020-04-30T05:41:21.983,3,
111787,2,111722,2020-04-26T17:38:07.337,16,,63565,,2020-04-26T18:59:38.290,2020-04-26T18:59:38.290,7,
112106,2,111966,2020-05-05T17:12:25.823,1,,70731,,2020-05-05T17:12:25.823,,6,
112176,2,112075,2020-05-07T17:57:49.067,1,,58722,,2020-05-07T17:57:49.067,,2,
112279,2,111011,2020-05-11T08:07:39.087,3,,55781,,2020-10-12T19:32:13.123,2020-10-12T19:32:13.123,0,
112391,2,112387,2020-05-14T00:12:08.450,3,,83790,,2020-05-14T00:12:08.450,,2,
112394,2,9787,2020-05-14T00:59:24.517,0,,49561,,2020-05-18T19:59:32.327,2020-05-18T19:59:32.327,0,
112396,2,111641,2020-05-14T07:10:46.647,1,,119694,,2021-03-04T16:59:48.303,2021-03-04T16:59:48.303,0,
112402,2,112383,2020-05-14T10:18:02.907,1,,105281,,2020-05-14T10:18:02.907,,0,
113079,2,113030,2020-06-02T19:12:53.397,1,,120482,,2020-06-02T19:12:53.397,,1,
113154,2,113148,2020-06-05T08:04:58.133,1,,13650,,2020-06-05T08:04:58.133,,1,
113177,2,113148,2020-06-05T19:29:43.010,0,,120593,,2021-06-21T16:45:02.353,2021-06-21T16:45:02.353,1,
113240,2,113227,2020-06-07T23:32:18.617,3,,83790,,2020-06-07T23:32:18.617,,3,
113291,2,113289,2020-06-09T09:50:24.173,1,,13650,,2020-06-09T12:29:09.843,2020-06-09T12:29:09.843,2,
113601,2,113544,2020-06-20T05:19:46.957,1,,85144,,2020-07-08T06:27:03.787,2020-07-08T06:27:03.787,43,
113979,2,113974,2020-07-04T11:25:30.643,0,,78677,,2020-07-04T11:25:30.643,,0,
114136,2,114135,2020-07-08T16:50:18.193,0,,13650,,2020-07-08T16:50:18.193,,1,
114197,2,58304,2020-07-10T16:47:39.140,6,,105878,,2020-07-10T16:47:39.140,,1,
114301,2,99739,2020-07-13T19:30:50.337,1,,107978,,2020-07-13T19:30:50.337,,0,
114414,2,114413,2020-07-17T16:43:08.570,0,,13650,,2020-07-17T16:43:08.570,,2,
114774,2,43459,2020-07-29T17:37:55.253,1,,122624,,2020-07-29T23:16:06.803,2020-07-29T23:16:06.803,2,
115859,2,114707,2020-08-02T08:51:22.227,2,,122552,,2020-08-02T08:51:22.227,,2,
116002,2,115987,2020-08-08T08:12:52.770,0,,13650,,2020-08-08T10:54:42.713,2020-08-08T10:54:42.713,3,
116087,2,107357,2020-08-11T12:59:35.367,0,,124041,,2020-08-11T13:55:55.980,2020-08-11T13:55:55.980,2,
116309,2,116306,2020-08-21T12:30:13.723,0,,124322,,2020-08-21T12:30:13.723,,0,
116318,2,116178,2020-08-21T19:15:23.813,1,,33476,,2020-08-21T19:15:23.813,,2,
116342,2,113623,2020-08-23T04:42:35.803,1,,124374,,2020-08-23T14:06:02.917,2020-08-23T14:06:02.917,0,
116605,2,116604,2020-09-01T10:12:40.253,0,,113890,,2020-09-01T10:12:40.253,,2,
116667,2,47364,2020-09-04T07:11:26.880,0,,76269,,2020-09-04T07:11:26.880,,0,
116670,2,116553,2020-09-04T10:35:03.947,1,,79866,,2020-09-04T10:35:03.947,,1,
116808,2,29783,2020-09-10T21:04:50.943,8,,124932,,2021-03-10T08:52:28.937,2021-03-10T08:52:28.937,4,
116843,2,116819,2020-09-12T02:24:33.600,2,,83790,,2020-09-18T23:10:01.597,2020-09-18T23:10:01.597,2,
116918,2,116809,2020-09-14T15:42:06.787,0,,125004,,2020-09-16T17:18:25.570,2020-09-16T17:18:25.570,4,
116998,2,116965,2020-09-18T06:05:46.647,2,,115716,,2020-09-18T06:05:46.647,,0,
117156,2,80219,2020-09-26T09:41:34.323,2,,121848,,2020-09-26T09:41:34.323,,1,
117179,2,117178,2020-09-27T15:19:43.753,3,,79866,,2021-03-13T09:06:39.233,2021-03-13T09:06:39.233,6,
117310,2,117308,2020-10-03T10:35:23.583,3,,79866,,2020-10-03T10:35:23.583,,0,
117467,2,117367,2020-10-10T01:39:05.223,0,,125621,,2020-10-12T02:10:28.287,2020-10-12T02:10:28.287,0,
117643,2,4112,2020-10-15T17:33:03.200,-1,,125839,,2020-10-15T17:38:11.673,2020-10-15T17:38:11.673,2,
117659,2,117657,2020-10-16T13:39:54.747,1,,36094,,2020-10-16T13:39:54.747,,3,
117691,2,40184,2020-10-17T18:59:19.980,0,,101102,,2020-10-22T15:13:06.080,2020-10-22T15:13:06.080,0,
117880,2,117866,2020-10-25T23:35:24.997,1,,8697,,2020-10-25T23:35:24.997,,0,
117899,2,112843,2020-10-26T15:55:43.597,0,,126251,,2020-10-26T15:55:43.597,,3,
117901,2,117900,2020-10-26T16:50:02.540,1,,13650,,2020-10-26T16:50:02.540,,2,
117950,2,116074,2020-10-29T01:55:21.707,4,,126326,,2021-11-09T12:45:39.210,2021-11-09T12:45:39.210,0,
117951,2,84175,2020-10-29T02:00:13.127,1,,126326,,2020-10-29T02:00:13.127,,0,
118079,2,118072,2020-11-03T08:59:12.307,0,,83866,,2020-11-04T08:51:31.710,2020-11-04T08:51:31.710,3,
118162,2,42145,2020-11-06T17:28:36.370,0,,123713,,2020-11-06T17:28:36.370,,0,
118454,2,72118,2020-11-17T19:35:34.987,0,,126933,,2020-11-20T15:16:17.080,2020-11-20T15:16:17.080,0,
118736,2,101388,2020-11-28T13:18:54.197,2,,127248,,2020-11-29T06:55:27.237,2020-11-29T06:55:27.237,0,
118868,2,118867,2020-12-03T04:12:47.673,1,,8697,,2020-12-03T04:12:47.673,,0,
118877,2,89803,2020-12-03T12:46:10.200,4,,126729,,2021-03-10T05:38:23.947,2021-10-07T07:34:52.683,10,
118959,2,118867,2020-12-06T14:59:37.713,1,,127415,,2020-12-06T14:59:37.713,,1,
118967,2,118965,2020-12-07T09:31:32.733,2,,13650,,2020-12-07T20:39:53.323,2020-12-07T20:39:53.323,0,
119311,2,119309,2020-12-16T21:11:49.717,0,,13650,,2020-12-16T21:11:49.717,,12,
119444,2,119440,2020-12-21T16:43:36.350,0,,13650,,2020-12-21T16:43:36.350,,0,
119604,2,119574,2020-12-27T23:11:41.850,0,,8697,,2020-12-27T23:11:41.850,,1,
119811,2,3289,2021-01-03T22:52:07.230,1,,83790,,2021-01-03T22:52:07.230,,0,
119957,2,104538,2021-01-07T21:24:19.303,1,,128860,,2021-01-07T21:24:19.303,,0,
120085,2,120084,2021-01-11T23:00:28.997,4,,8697,,2021-01-16T00:18:14.603,2021-01-16T00:18:14.603,0,
120122,2,120074,2021-01-13T05:09:21.233,0,,129028,,2021-01-13T05:09:21.233,,0,
120133,2,120096,2021-01-13T12:47:29.950,0,,129050,,2021-01-13T12:47:29.950,,0,
120263,2,119751,2021-01-17T12:56:36.607,0,,123974,,2021-01-17T12:56:36.607,,2,
120403,2,120390,2021-01-21T15:12:30.540,1,,24224,,2021-01-21T17:18:35.663,2021-01-21T17:18:35.663,0,
120466,2,58339,2021-01-23T12:52:06.570,0,,129513,,2021-01-25T05:28:12.217,2021-01-25T05:28:12.217,0,
120709,2,120708,2021-01-29T20:52:36.953,1,,129789,,2021-01-29T20:52:36.953,,0,
120942,2,100235,2021-02-05T22:23:31.760,1,,130122,,2021-02-05T22:23:31.760,,0,
120996,2,120978,2021-02-07T11:58:57.407,1,,126076,,2021-02-07T11:58:57.407,,0,
121010,2,121007,2021-02-07T20:46:49.433,4,,79866,,2021-02-07T21:46:25.130,2021-02-07T21:46:25.130,3,
121160,2,121156,2021-02-11T13:46:09.077,0,,111932,,2021-02-11T13:46:09.077,,0,
121200,2,121199,2021-02-12T16:12:52.610,2,,130423,,2021-02-12T16:12:52.610,,1,
121374,2,120534,2021-02-17T18:26:17.957,1,,124622,,2021-02-17T18:26:17.957,,2,
121518,2,120681,2021-02-21T22:17:23.697,0,,32790,,2021-02-21T22:17:23.697,,1,
121588,2,121451,2021-02-23T10:20:06.220,1,,126988,,2021-02-23T10:20:06.220,,0,
121659,2,106260,2021-02-24T21:52:31.967,2,,128103,,2021-02-25T02:47:02.530,2021-02-25T02:47:02.530,1,
121761,2,121755,2021-02-27T19:23:44.450,1,,5538,,2021-02-27T21:16:15.873,2021-02-27T21:16:15.873,0,
121788,2,121239,2021-02-28T20:16:21.370,0,,125443,,2021-02-28T20:16:21.370,,0,
121830,2,121829,2021-03-02T00:41:56.217,0,,8697,,2021-03-02T00:41:56.217,,2,
121921,2,121881,2021-03-04T12:17:53.443,0,,131180,,2021-03-04T12:17:53.443,,0,
122067,2,122064,2021-03-09T09:14:10.057,1,,13650,,2021-03-09T09:14:10.057,,0,
122089,2,122042,2021-03-09T17:17:45.150,0,,125388,,2021-03-09T17:17:45.150,,0,
122421,2,122415,2021-03-21T10:57:51.210,2,,64792,,2021-03-21T10:57:51.210,,0,
122474,2,122464,2021-03-23T09:11:43.990,1,,13650,,2021-03-23T09:11:43.990,,10,
122508,2,122506,2021-03-23T22:43:35.280,2,,,user130616,2021-03-23T22:43:35.280,,2,
122520,2,122519,2021-03-24T10:20:51.643,0,,130217,,2021-03-24T10:20:51.643,,0,
123689,2,122579,2021-03-31T09:08:18.470,1,,98766,,2021-04-05T15:43:57.917,2021-04-05T15:43:57.917,0,
123732,2,123729,2021-04-01T15:43:52.410,1,,13650,,2021-04-01T15:43:52.410,,0,
124026,2,124024,2021-04-13T16:38:23.187,0,,5538,,2021-04-13T16:38:23.187,,1,
124035,2,124004,2021-04-14T00:25:52.560,0,,11810,,2021-04-14T00:25:52.560,,0,
124050,2,4625,2021-04-14T13:51:42.927,0,,132733,,2021-04-14T14:33:24.187,2021-04-14T14:33:24.187,0,
124208,2,73323,2021-04-20T17:40:42.867,0,,132956,,2021-04-20T20:36:59.937,2021-04-20T20:36:59.937,0,
124243,2,124233,2021-04-21T23:24:39.403,0,,8697,,2021-04-23T06:13:29.667,2021-04-23T06:13:29.667,3,
124336,2,33027,2021-04-25T14:16:31.867,0,,133127,,2021-04-25T14:16:31.867,,0,
124415,2,124414,2021-04-28T11:18:37.187,0,,13650,,2021-04-28T11:18:37.187,,0,
124649,2,124497,2021-05-08T15:23:12.457,1,,5538,,2021-05-10T14:02:14.323,2021-05-10T14:02:14.323,2,
124959,2,124935,2021-05-22T00:48:41.987,0,,8697,,2021-05-22T00:48:41.987,,2,
124964,2,117409,2021-05-22T14:28:31.407,0,,113096,,2021-05-22T14:28:31.407,,2,
124972,2,124966,2021-05-22T20:42:24.387,2,,83790,,2021-05-22T20:42:24.387,,3,
125005,2,77934,2021-05-24T20:01:40.320,0,,50416,,2021-05-24T20:01:40.320,,0,
125030,2,124981,2021-05-26T00:42:31.830,2,,131048,,2021-05-26T00:42:31.830,,4,
125064,2,125060,2021-05-27T14:54:27.043,1,,5538,,2021-05-27T18:08:08.377,2021-05-27T18:08:08.377,4,
125098,2,125089,2021-05-29T04:31:32.810,0,,85144,,2021-06-03T00:33:32.530,2021-06-03T00:33:32.530,8,
125105,2,125102,2021-05-30T00:18:02.940,0,,8697,,2021-05-31T04:41:36.363,2021-05-31T04:41:36.363,0,
127231,2,126224,2021-06-04T08:41:51.577,1,,130217,,2021-06-04T14:17:38.817,2021-06-04T14:17:38.817,6,
127233,2,125012,2021-06-04T08:59:23.323,0,,130217,,2021-06-07T19:24:13.353,2021-06-07T19:24:13.353,1,
127452,2,127435,2021-06-15T15:14:08.733,0,,64792,,2021-06-16T09:30:23.923,2021-06-16T09:30:23.923,5,
127466,2,127460,2021-06-16T11:50:38.867,0,,8697,,2021-06-16T11:50:38.867,,0,
127517,2,127515,2021-06-18T04:49:00.410,0,,46034,,2021-06-18T04:49:00.410,,0,
127653,2,127622,2021-06-23T09:34:25.553,0,,134407,,2021-06-23T09:34:25.553,,0,
127938,2,127934,2021-07-06T15:23:46.273,0,,13650,,2021-07-06T15:23:46.273,,0,
128095,2,128088,2021-07-14T18:13:10.887,2,,79866,,2021-07-16T00:14:35.077,2021-07-16T00:14:35.077,0,
128243,2,128207,2021-07-22T16:52:20.750,0,,127688,,2021-07-22T16:52:20.750,,0,
128339,2,128331,2021-07-28T10:17:42.543,3,,64792,,2021-07-28T10:24:19.777,2021-07-28T10:24:19.777,4,
130353,2,124541,2021-07-29T03:02:13.490,1,,136968,,2021-07-29T03:02:13.490,,0,
130530,2,130529,2021-08-07T02:42:12.243,3,,8697,,2021-09-21T04:43:30.140,2021-09-21T04:43:30.140,7,
130746,2,130717,2021-08-18T11:06:04.573,1,,137480,,2021-08-18T11:06:04.573,,0,
130893,2,130892,2021-08-27T15:55:57.080,3,,13650,,2021-08-27T15:55:57.080,,5,
132044,2,132043,2021-09-06T13:19:22.637,1,,13650,,2021-09-06T13:19:22.637,,2,
132278,2,132273,2021-09-20T06:16:34.650,0,,71323,,2021-09-20T06:16:34.650,,1,
132325,2,132322,2021-09-23T20:36:09.417,0,,100058,,2021-09-23T20:36:09.417,,0,
132367,2,100156,2021-09-27T06:52:10.270,0,,139469,,2021-09-27T06:52:10.270,,0,
132426,2,132369,2021-09-30T07:57:29.680,0,,137799,,2021-10-07T01:13:05.913,2021-10-07T01:13:05.913,0,
132428,2,132414,2021-09-30T09:19:14.627,0,,64792,,2021-09-30T20:01:51.490,2021-09-30T20:01:51.490,2,
132587,2,132582,2021-10-10T04:41:45.410,0,,135303,,2021-10-10T04:49:44.527,2021-10-10T04:49:44.527,1,
132657,2,123741,2021-10-13T21:39:21.683,0,,139891,,2021-10-13T21:39:21.683,,0,
132833,2,132827,2021-10-23T14:35:02.080,1,,553,,2021-10-23T14:35:02.080,,0,
133033,2,90823,2021-11-03T09:12:31.993,1,,140475,,2021-11-03T09:12:31.993,,0,
133695,2,133236,2021-12-02T18:03:33.133,1,,64792,,2021-12-02T18:03:33.133,,0,
133704,2,132439,2021-12-03T05:40:26.260,0,,141389,,2021-12-03T05:40:26.260,,0,
